rank,team_name,avatar_url,highest_kaggle_rank,score,submit_times,last_submit
1,Electric Weasle,https://storage.googleapis.com/kaggle-avatars/thumbnails/69150-kg.jpg?t=2023-10-24-20-21-56,contributor,0.25,9,15h
2,matvikkk,https://storage.googleapis.com/kaggle-avatars/thumbnails/default-thumb.png,contributor,0.27044,23,10m
3,Ahmed Mahmoud Salem,https://storage.googleapis.com/kaggle-avatars/thumbnails/default-thumb.png,novice,0.275,7,11h
4,Nikolay Abramov,https://storage.googleapis.com/kaggle-avatars/thumbnails/847705-kg.JPG?t=2023-10-11-05-55-21,expert,0.2953,27,4h
5,Shreyas Sukhadeve IIT,https://storage.googleapis.com/kaggle-avatars/thumbnails/default-thumb.png,contributor,0.29626,5,1d
6,Chinmaya,https://storage.googleapis.com/kaggle-avatars/thumbnails/6064288-kg.jpeg?t=2023-11-14-05-08-34,contributor,0.29813,35,12h
7,ITASps,https://storage.googleapis.com/kaggle-avatars/thumbnails/13468784-kg.jpeg?t=2023-11-02-12-00-23,contributor,0.29813,23,7h
8,Laurent Pourchot,https://storage.googleapis.com/kaggle-avatars/thumbnails/6191256-kg.jpg,master,0.3,18,21h
9,Yan Teixeira,https://storage.googleapis.com/kaggle-avatars/thumbnails/13062964-kg.jpeg,expert,0.3,25,10h
11,FabienPv,https://storage.googleapis.com/kaggle-avatars/thumbnails/default-thumb.png,novice,0.3,9,2d
12,wasjaip,https://storage.googleapis.com/kaggle-avatars/thumbnails/13372827-kg.jpg?t=2023-11-14-04-23-04,contributor,0.3003,14,6h
13,noobs,https://storage.googleapis.com/kaggle-avatars/thumbnails/default-thumb.png,contributor,0.30044,2,1d
14,liuyifan233,https://storage.googleapis.com/kaggle-avatars/thumbnails/default-thumb.png,contributor,0.30095,8,1d
15,Chinaski,https://storage.googleapis.com/kaggle-avatars/thumbnails/5730174-kg.jpg,expert,0.30177,7,5h
16,Moatasem sharaf,https://storage.googleapis.com/kaggle-avatars/thumbnails/default-thumb.png,contributor,0.30242,21,6h
17,MikeSas,https://storage.googleapis.com/kaggle-avatars/thumbnails/default-thumb.png,contributor,0.30575,8,1d
18,OminousDude,https://storage.googleapis.com/kaggle-avatars/thumbnails/8531166-kg.png?t=2023-10-18-15-24-52,contributor,0.30575,22,13h
19,kitory Yeah やきとり,https://storage.googleapis.com/kaggle-avatars/thumbnails/11096647-kg.jpeg,contributor,0.30615,10,4h
20,YangAoTian,https://storage.googleapis.com/kaggle-avatars/thumbnails/10594563-kg.jpg?t=2023-11-10-08-38-30,contributor,0.31227,27,4h
21,Ravi Ramakrishnan,https://storage.googleapis.com/kaggle-avatars/thumbnails/8273630-kg.jpg,grand master,0.31227,17,2d
22,BrainAI_hwlee,https://storage.googleapis.com/kaggle-avatars/thumbnails/11320172-kg.jpg,contributor,0.31227,20,1d
23,Anil Yagiz,https://storage.googleapis.com/kaggle-avatars/thumbnails/default-thumb.png,contributor,0.31227,2,2d
24,Guan Lin Tao,https://storage.googleapis.com/kaggle-avatars/thumbnails/11320249-kg.jpg?t=2023-10-12-15-42-44,expert,0.31227,14,1d
26,Umair Zia,https://storage.googleapis.com/kaggle-avatars/thumbnails/16064013-kg.jpg,contributor,0.31227,8,1d
27,Mathurin Aché,https://storage.googleapis.com/kaggle-avatars/thumbnails/18463-kg.png,grand master,0.31227,11,1d
28,HaoQingSong,https://storage.googleapis.com/kaggle-avatars/thumbnails/9506739-kg.jpg,contributor,0.31227,5,1d
29,Laobaby,https://storage.googleapis.com/kaggle-avatars/thumbnails/default-thumb.png,novice,0.31227,3,1d
30,A.Mohan kumar,https://storage.googleapis.com/kaggle-avatars/thumbnails/8879316-kg.jpg,expert,0.31227,1,20h
31,Vinay S,https://storage.googleapis.com/kaggle-avatars/thumbnails/default-thumb.png,novice,0.31227,16,13h
32,Ludus Magnus,https://storage.googleapis.com/kaggle-avatars/thumbnails/4965276-kg.jpg,expert,0.31227,15,6h
33,DeShuiYu,https://storage.googleapis.com/kaggle-avatars/thumbnails/5521236-kg.png?t=2023-08-23-03-07-07,contributor,0.31227,3,6h
34,Demian2435,https://storage.googleapis.com/kaggle-avatars/thumbnails/16101251-gr.jpg,contributor,0.31282,9,5h
35,Gyojoon Gu,https://storage.googleapis.com/kaggle-avatars/thumbnails/default-thumb.png,novice,0.31348,4,1d
36,YZ,https://storage.googleapis.com/kaggle-avatars/thumbnails/default-thumb.png,novice,0.31391,15,1d
37,Daniel Popov,https://storage.googleapis.com/kaggle-avatars/thumbnails/5394137-kg.png?t=2023-11-11-07-58-38,contributor,0.31691,25,5h
38,Kei.Shibata,https://storage.googleapis.com/kaggle-avatars/thumbnails/12024133-kg.png?t=2023-10-22-14-47-25,expert,0.31809,6,1d
39,MAOK-Yongsuk,https://storage.googleapis.com/kaggle-avatars/thumbnails/12106969-kg.png,contributor,0.31844,10,1h
40,Master Jiraiya,https://storage.googleapis.com/kaggle-avatars/thumbnails/13738648-kg.jpg?t=2023-09-11-13-01-47,master,0.31881,22,2h
41,Tetsuya Sasaki,https://storage.googleapis.com/kaggle-avatars/thumbnails/6437951-kg.jpeg,master,0.32044,9,11h
42,Ayoola Okunlola,https://storage.googleapis.com/kaggle-avatars/thumbnails/default-thumb.png,novice,0.32336,13,1d
43,Mohamed Elhassnaoui,https://storage.googleapis.com/kaggle-avatars/thumbnails/12313807-kg.png,contributor,0.32679,2,1d
44,Hyunguen,https://storage.googleapis.com/kaggle-avatars/thumbnails/default-thumb.png,novice,0.32689,1,1d
45,Coffeethefifth,https://storage.googleapis.com/kaggle-avatars/thumbnails/3025820-kg.jpg?t=2023-11-08-12-14-32,contributor,0.32962,22,2d
46,kglctf,https://storage.googleapis.com/kaggle-avatars/thumbnails/default-thumb.png,novice,0.33049,13,11h
47,Yash Rana,https://storage.googleapis.com/kaggle-avatars/thumbnails/9426740-kg.jpeg,contributor,0.33421,5,11h
48,Ben Deng,https://storage.googleapis.com/kaggle-avatars/thumbnails/default-thumb.png,contributor,0.33454,8,1d
49,TonyYun Yang,https://storage.googleapis.com/kaggle-avatars/thumbnails/default-thumb.png,novice,0.33496,5,3h
50,wnmgrn,https://storage.googleapis.com/kaggle-avatars/thumbnails/default-thumb.png,contributor,0.3351,18,2h
51,Sercan Yeşilöz,https://storage.googleapis.com/kaggle-avatars/thumbnails/2926451-kg.jpg,master,0.33795,13,4h
52,Devon Clautice,https://storage.googleapis.com/kaggle-avatars/thumbnails/2697481-kg.jpg,contributor,0.33795,3,17h
53,C.X.Code,https://storage.googleapis.com/kaggle-avatars/thumbnails/default-thumb.png,contributor,0.3384,8,1d
54,Rei,https://storage.googleapis.com/kaggle-avatars/thumbnails/2085278-kg.jpg,contributor,0.33992,8,1d
55,HAFIZ MUHAMMAD IMRAN KHAN,https://storage.googleapis.com/kaggle-avatars/thumbnails/4461810-kg.jpg?t=2023-11-18-13-15-56,contributor,0.34033,8,1h
56,Hamachi,https://storage.googleapis.com/kaggle-avatars/thumbnails/default-thumb.png,novice,0.34064,21,1d
57,Paul Gris,https://storage.googleapis.com/kaggle-avatars/thumbnails/default-thumb.png,novice,0.34135,7,18h
58,Sovina Sahni,https://storage.googleapis.com/kaggle-avatars/thumbnails/default-thumb.png,contributor,0.34262,5,12h
59,JATIN CHAWDA,https://storage.googleapis.com/kaggle-avatars/thumbnails/default-thumb.png,contributor,0.34346,5,1h
60,Satya,https://storage.googleapis.com/kaggle-avatars/thumbnails/8185869-kg.jpg?t=2023-10-07-12-43-03,expert,0.34418,27,3h
61,Joerg_H,https://storage.googleapis.com/kaggle-avatars/thumbnails/3510320-kg.jpg,contributor,0.34481,11,16h
62,waticson,https://storage.googleapis.com/kaggle-avatars/thumbnails/2993575-kg.png,expert,0.34564,2,16m
63,ambrul,https://storage.googleapis.com/kaggle-avatars/thumbnails/default-thumb.png,contributor,0.34591,8,19h
64,Tien Hoang,https://storage.googleapis.com/kaggle-avatars/thumbnails/3489443-kg.jpg,expert,0.34683,1,18h
65,Emmanuel Jova,https://storage.googleapis.com/kaggle-avatars/thumbnails/default-thumb.png,novice,0.348,4,1d
66,norm,https://storage.googleapis.com/kaggle-avatars/thumbnails/default-thumb.png,contributor,0.34869,8,20h
67,DJ_C,https://storage.googleapis.com/kaggle-avatars/thumbnails/default-thumb.png,expert,0.352,17,18h
68,ianct,https://storage.googleapis.com/kaggle-avatars/thumbnails/928167-kg.jpg?t=2023-10-25-09-35-44,expert,0.35213,17,13h
69,Lucas Antoine,https://storage.googleapis.com/kaggle-avatars/thumbnails/default-thumb.png,expert,0.35307,13,21h
70,Ale uy,https://storage.googleapis.com/kaggle-avatars/thumbnails/2708643-kg.JPG?t=2023-09-29-14-34-01,contributor,0.35585,17,38m
71,Sy-Tuan Nguyen,https://storage.googleapis.com/kaggle-avatars/thumbnails/4199239-kg.png,master,0.3568,3,10h
72,Efecan Guler,https://storage.googleapis.com/kaggle-avatars/thumbnails/15622137-kg.png,contributor,0.35776,3,1d
73,Hardy Xu,https://storage.googleapis.com/kaggle-avatars/thumbnails/420768-fb.jpg,contributor,0.35887,18,17h
74,Anthony-B2,https://storage.googleapis.com/kaggle-avatars/thumbnails/default-thumb.png,novice,0.35893,6,1d
75,stephan1999,https://storage.googleapis.com/kaggle-avatars/thumbnails/8951430-kg.png,contributor,0.35903,3,19h
76,Ludwig Saux,https://storage.googleapis.com/kaggle-avatars/thumbnails/9344127-kg.jpg,contributor,0.36082,7,1d
77,Abhishek Vidhate,https://storage.googleapis.com/kaggle-avatars/thumbnails/16822023-kg.png?t=2023-09-24-14-20-00,contributor,0.36321,2,1d
78,金穗辉辉,https://storage.googleapis.com/kaggle-avatars/thumbnails/10838391-kg.png,contributor,0.36426,2,1d
79,saeusa,https://storage.googleapis.com/kaggle-avatars/thumbnails/default-thumb.png,contributor,0.36437,10,11h
80,alperen yüksel,https://storage.googleapis.com/kaggle-avatars/thumbnails/default-thumb.png,contributor,0.36611,16,3h
81,kurokaede,https://storage.googleapis.com/kaggle-avatars/thumbnails/default-thumb.png,novice,0.36662,1,2d
82,Sobhan Bose,https://storage.googleapis.com/kaggle-avatars/thumbnails/11729849-kg.png?t=2023-10-29-14-01-27,contributor,0.36843,13,3h
83,Nikolay Zmitrovich,https://storage.googleapis.com/kaggle-avatars/thumbnails/default-thumb.png,novice,0.37123,7,1d
84,aldparis,https://storage.googleapis.com/kaggle-avatars/thumbnails/275525-kg.jpg,expert,0.37178,3,16h
85,Laplace,https://storage.googleapis.com/kaggle-avatars/thumbnails/default-thumb.png,expert,0.37351,2,30m
86,yunsuxiaozi,https://storage.googleapis.com/kaggle-avatars/thumbnails/12691485-kg.png,expert,0.37494,24,2h
87,Syed Subahani,https://storage.googleapis.com/kaggle-avatars/thumbnails/16365312-kg.jpg?t=2023-11-15-17-26-22,contributor,0.3794,9,1d
88,Yunus Emre Göktürk,https://storage.googleapis.com/kaggle-avatars/thumbnails/16893239-kg.png?t=2023-09-26-19-21-20,contributor,0.37951,14,4h
89,Arman Zhalgasbayev,https://storage.googleapis.com/kaggle-avatars/thumbnails/15526957-kg.jpg,contributor,0.38004,16,9h
90,Spiritmilk,https://storage.googleapis.com/kaggle-avatars/thumbnails/8060745-kg.jpg,expert,0.38082,3,1d
91,GEORGE DOUKAS,https://storage.googleapis.com/kaggle-avatars/thumbnails/6573070-kg.jpg,contributor,0.38161,8,20h
92,Ahmed Ali,https://storage.googleapis.com/kaggle-avatars/thumbnails/14372435-kg.jpg,expert,0.38165,4,1d
93,Summeriis,https://storage.googleapis.com/kaggle-avatars/thumbnails/default-thumb.png,novice,0.38168,1,1d
94,Aman Gupta,https://storage.googleapis.com/kaggle-avatars/thumbnails/1711777-kg.jpg,contributor,0.38213,13,1d
95,Prasad,https://storage.googleapis.com/kaggle-avatars/thumbnails/default-thumb.png,contributor,0.38321,6,2d
96,Tony Yun Yang99,https://storage.googleapis.com/kaggle-avatars/thumbnails/default-thumb.png,contributor,0.38502,15,5h
97,Samvel Kocharyan,https://storage.googleapis.com/kaggle-avatars/thumbnails/10356799-gr.jpg,contributor,0.38698,21,1d
98,rockieCao,https://storage.googleapis.com/kaggle-avatars/thumbnails/501321-kg.png?t=2023-10-24-21-14-06,novice,0.38768,4,15h
99,pollodelmar,https://storage.googleapis.com/kaggle-avatars/thumbnails/default-thumb.png,contributor,0.38779,17,7h
100,sysstem,https://storage.googleapis.com/kaggle-avatars/thumbnails/default-thumb.png,novice,0.3886,9,1d
101,Kirderf,https://storage.googleapis.com/kaggle-avatars/thumbnails/3924325-kg.jpg,grand master,0.38903,6,4h
102,dalatar,https://storage.googleapis.com/kaggle-avatars/thumbnails/default-thumb.png,expert,0.39095,13,1d
103,bestwater,https://storage.googleapis.com/kaggle-avatars/thumbnails/default-thumb.png,novice,0.39231,21,1d
104,Alexander Ryzhkov,https://storage.googleapis.com/kaggle-avatars/thumbnails/19099-fb.jpg,grand master,0.39317,8,2d
105,Andrew,https://storage.googleapis.com/kaggle-avatars/thumbnails/2217262-gr.jpg,expert,0.3938,9,2d
106,Sarun P M,https://storage.googleapis.com/kaggle-avatars/thumbnails/17084120-kg.jpeg?t=2023-10-10-05-25-02,contributor,0.3938,7,2d
107,Jaspar6,https://storage.googleapis.com/kaggle-avatars/thumbnails/default-thumb.png,novice,0.39394,13,2d
108,Faiz Aulia Al Farisi,https://storage.googleapis.com/kaggle-avatars/thumbnails/default-thumb.png,contributor,0.39902,3,11h
109,星瞳,https://storage.googleapis.com/kaggle-avatars/thumbnails/11476684-kg.jpg,contributor,0.4,2,4d
110,Xwite147,https://storage.googleapis.com/kaggle-avatars/thumbnails/default-thumb.png,novice,0.4,10,4d
111,[Deleted] 65254641-9402-43f1-8efe-87420835b87b,https://storage.googleapis.com/kaggle-avatars/thumbnails/default-thumb.png,novice,0.4,1,2d
112,matthew-ch,https://storage.googleapis.com/kaggle-avatars/thumbnails/1259738-kg.png,contributor,0.40025,15,3h
113,hardy,https://storage.googleapis.com/kaggle-avatars/thumbnails/7013214-kg.png?t=2023-10-23-11-53-22,contributor,0.40249,18,2h
114,Yassir Acharki,https://storage.googleapis.com/kaggle-avatars/thumbnails/10030651-kg.png?t=2023-09-25-16-15-45,master,0.40654,25,2h
115,tdoh86,https://storage.googleapis.com/kaggle-avatars/thumbnails/8063636-kg.jpg,contributor,0.40977,8,14h
116,Gregory Klevans,https://storage.googleapis.com/kaggle-avatars/thumbnails/default-thumb.png,expert,0.41283,4,16h
117,Seojin Hwang,https://storage.googleapis.com/kaggle-avatars/thumbnails/default-thumb.png,novice,0.41283,3,4d
118,Izzan S. A.,https://storage.googleapis.com/kaggle-avatars/thumbnails/default-thumb.png,contributor,0.41283,2,4d
119,manymany,https://storage.googleapis.com/kaggle-avatars/thumbnails/default-thumb.png,contributor,0.41283,5,4d
120,ruthgn,https://storage.googleapis.com/kaggle-avatars/thumbnails/8405416-kg.jpg,expert,0.41283,4,4d
121,Eishkaran Singh,https://storage.googleapis.com/kaggle-avatars/thumbnails/12605415-kg.jpeg,master,0.41283,1,4d
122,Sidhved,https://storage.googleapis.com/kaggle-avatars/thumbnails/default-thumb.png,novice,0.41283,1,3d
123,Supreme Taker,https://storage.googleapis.com/kaggle-avatars/thumbnails/7074347-kg.PNG,contributor,0.41283,4,2d
124,t_murmt,https://storage.googleapis.com/kaggle-avatars/thumbnails/default-thumb.png,novice,0.41294,3,7h
125,AravindPCoder,https://storage.googleapis.com/kaggle-avatars/thumbnails/15219265-kg.jpg?t=2023-11-11-17-24-17,contributor,0.41337,4,20h
126,Momotanlian,https://storage.googleapis.com/kaggle-avatars/thumbnails/7248934-kg.jpg,contributor,0.41374,12,6h
127,Jayron Andrade,https://storage.googleapis.com/kaggle-avatars/thumbnails/12029577-kg.png,expert,0.41442,34,4h
128,Akio Onodera,https://storage.googleapis.com/kaggle-avatars/thumbnails/4300560-gr.jpg,master,0.41474,17,5d
129,Shreyash Thengne,https://storage.googleapis.com/kaggle-avatars/thumbnails/default-thumb.png,novice,0.41503,3,2d
130,도봉구꼬마,https://storage.googleapis.com/kaggle-avatars/thumbnails/12392398-kg.jpg,contributor,0.41808,5,1d
131,Chanho Parkq,https://storage.googleapis.com/kaggle-avatars/thumbnails/default-thumb.png,novice,0.41808,1,1d
132,PUNIT KAUSHIK,https://storage.googleapis.com/kaggle-avatars/thumbnails/11825285-kg.png?t=2023-10-28-12-08-40,contributor,0.4189,5,4d
134,Eugeniusz Ananczuk,https://storage.googleapis.com/kaggle-avatars/thumbnails/default-thumb.png,contributor,0.42128,11,5d
135,cj007,https://storage.googleapis.com/kaggle-avatars/thumbnails/default-thumb.png,contributor,0.42366,2,4d
136,Faris Izzatur Rahman,https://storage.googleapis.com/kaggle-avatars/thumbnails/6095289-kg.jpeg,novice,0.42427,4,10h
137,Iqman Singh Bhatia,https://storage.googleapis.com/kaggle-avatars/thumbnails/9420368-kg.jpg,master,0.42462,23,1d
138,HridayM25,https://storage.googleapis.com/kaggle-avatars/thumbnails/10793923-kg.jpeg?t=2023-11-16-03-08-02,contributor,0.42951,12,1d
139,AbduIIah AItay,https://storage.googleapis.com/kaggle-avatars/thumbnails/5007706-kg.jpg,contributor,0.43047,3,5d
140,Paulo Álvaro,https://storage.googleapis.com/kaggle-avatars/thumbnails/5245771-gr.jpg,contributor,0.4308,10,2d
141,Vishwas Saini,https://storage.googleapis.com/kaggle-avatars/thumbnails/15964911-kg.png?t=2023-10-30-13-03-13,contributor,0.43225,6,1d
142,Oscar Aguilar,https://storage.googleapis.com/kaggle-avatars/thumbnails/1822542-kg.jpg,master,0.43348,26,11h
143,WangChenyu_Math,https://storage.googleapis.com/kaggle-avatars/thumbnails/default-thumb.png,contributor,0.43535,12,4d
144,haigini,https://storage.googleapis.com/kaggle-avatars/thumbnails/default-thumb.png,novice,0.43683,1,20h
145,Mansour,https://storage.googleapis.com/kaggle-avatars/thumbnails/default-thumb.png,contributor,0.43759,27,2h
146,delaykimm,https://storage.googleapis.com/kaggle-avatars/thumbnails/default-thumb.png,novice,0.43826,8,5h
147,José Mário,https://storage.googleapis.com/kaggle-avatars/thumbnails/13651687-kg.jpg?t=2023-09-30-16-59-32,contributor,0.44072,14,2d
148,Jon Blanchard,https://storage.googleapis.com/kaggle-avatars/thumbnails/8077052-kg.png,expert,0.44151,14,21h
149,greenforest33,https://storage.googleapis.com/kaggle-avatars/thumbnails/11574133-kg.jpg,contributor,0.44197,8,5d
150,joaozinho22,https://storage.googleapis.com/kaggle-avatars/thumbnails/default-thumb.png,novice,0.44523,10,2d
151,alpimarc,https://storage.googleapis.com/kaggle-avatars/thumbnails/default-thumb.png,contributor,0.44544,20,4h
152,aktk,https://storage.googleapis.com/kaggle-avatars/thumbnails/default-thumb.png,contributor,0.44743,13,4d
153,munchmon,https://storage.googleapis.com/kaggle-avatars/thumbnails/default-thumb.png,novice,0.4492,1,2d
154,llorenzo,https://storage.googleapis.com/kaggle-avatars/thumbnails/default-thumb.png,contributor,0.4519,17,15h
155,Maxime Rondeau,https://storage.googleapis.com/kaggle-avatars/thumbnails/default-thumb.png,novice,0.45729,9,5h
156,KCDQ,https://storage.googleapis.com/kaggle-avatars/thumbnails/6048011-kg.PNG?t=2023-11-14-16-54-51,contributor,0.45751,3,6d
157,Rizal Mujahiddan,https://storage.googleapis.com/kaggle-avatars/thumbnails/default-thumb.png,contributor,0.45987,3,5d
158,Jession Diwangan,https://storage.googleapis.com/kaggle-avatars/thumbnails/11276215-gr.jpg,contributor,0.46074,6,4d
159,Lukman Bayonle Salami,https://storage.googleapis.com/kaggle-avatars/thumbnails/9395509-kg.jpg,contributor,0.46165,17,1d
160,pareto80,https://storage.googleapis.com/kaggle-avatars/thumbnails/default-thumb.png,novice,0.46375,1,4d
161,Gaurav Dutta,https://storage.googleapis.com/kaggle-avatars/thumbnails/4760409-kg.jpg,master,0.46561,15,3h
162,future0715,https://storage.googleapis.com/kaggle-avatars/thumbnails/default-thumb.png,novice,0.46627,24,14h
163,Ram Jas,https://storage.googleapis.com/kaggle-avatars/thumbnails/6279218-kg.jpg,grand master,0.46699,9,6d
164,Lucas Pukas,https://storage.googleapis.com/kaggle-avatars/thumbnails/default-thumb.png,novice,0.46767,3,2d
165,Adeniyi Babalola,https://storage.googleapis.com/kaggle-avatars/thumbnails/default-thumb.png,contributor,0.46801,2,17h
166,Swinal Waghmare,https://storage.googleapis.com/kaggle-avatars/thumbnails/11201051-kg.jpg,contributor,0.46823,13,2d
167,KMnO4-zx,https://storage.googleapis.com/kaggle-avatars/thumbnails/15065802-kg.png?t=2023-10-30-02-28-56,novice,0.46898,3,7d
168,teseralex,https://storage.googleapis.com/kaggle-avatars/thumbnails/11813848-kg.png,contributor,0.4709,2,6d
169,HyukJunCho,https://storage.googleapis.com/kaggle-avatars/thumbnails/17206135-kg.jpg?t=2023-11-11-16-59-18,novice,0.47333,3,2d
170,Mukkesh_mk@07,https://storage.googleapis.com/kaggle-avatars/thumbnails/default-thumb.png,novice,0.47393,4,7d
171,JMAscacibar,https://storage.googleapis.com/kaggle-avatars/thumbnails/14403190-kg.jpg,contributor,0.47557,2,3h
172,BluePrint-Kaggle,https://storage.googleapis.com/kaggle-avatars/thumbnails/17456233-kg.png?t=2023-11-12-14-24-03,novice,0.47695,5,1h
173,YD,https://storage.googleapis.com/kaggle-avatars/thumbnails/13028632-kg.jpeg,novice,0.47711,8,6d
174,andrekos,https://storage.googleapis.com/kaggle-avatars/thumbnails/35830-kg.jpg,expert,0.47755,1,5d
175,Takumi Watanabe,https://storage.googleapis.com/kaggle-avatars/thumbnails/default-thumb.png,contributor,0.47863,10,5d
176,ValeryBonneau,https://storage.googleapis.com/kaggle-avatars/thumbnails/8085311-gr.jpg,contributor,0.47947,6,1d
177,Sumit Kant,https://storage.googleapis.com/kaggle-avatars/thumbnails/614469-kg.jpg,contributor,0.48016,10,2d
178,dee dee,https://storage.googleapis.com/kaggle-avatars/thumbnails/15766096-kg.png?t=2023-11-03-08-12-21,expert,0.48045,10,4h
179,Shane Simon,https://storage.googleapis.com/kaggle-avatars/thumbnails/12236136-kg.jpg?t=2023-10-08-11-51-35,expert,0.48196,25,13h
180,Georgios Nikolitsis,https://storage.googleapis.com/kaggle-avatars/thumbnails/8500200-gr.jpg,contributor,0.48248,35,1h
181,Seanny,https://storage.googleapis.com/kaggle-avatars/thumbnails/4178136-kg.png?t=2023-10-23-19-05-02,contributor,0.48275,11,2h
182,bonobong,https://storage.googleapis.com/kaggle-avatars/thumbnails/default-thumb.png,contributor,0.48336,11,2d
183,Astitwa Agarwal,https://storage.googleapis.com/kaggle-avatars/thumbnails/5362478-kg.jpeg?t=2023-10-10-04-46-26,expert,0.48367,1,6d
184,Debamrita Paul,https://storage.googleapis.com/kaggle-avatars/thumbnails/12778221-kg.jpeg,expert,0.48415,8,1d
185,Fazil Amirli,https://storage.googleapis.com/kaggle-avatars/thumbnails/16053844-kg.jpg?t=2023-11-19-20-55-30,contributor,0.48437,3,2d
186,panda,https://storage.googleapis.com/kaggle-avatars/thumbnails/1799540-kg.jpg?t=2023-11-20-12-27-53,expert,0.48617,1,4d
187,Vishwas Mishra,https://storage.googleapis.com/kaggle-avatars/thumbnails/13972113-kg.jpeg?t=2023-09-10-18-16-22,contributor,0.48632,11,4d
188,Emirhan Silsüpür,https://storage.googleapis.com/kaggle-avatars/thumbnails/6998541-kg.png,contributor,0.48681,19,2h
189,Shan,https://storage.googleapis.com/kaggle-avatars/thumbnails/default-thumb.png,contributor,0.48723,3,4d
190,Breno Ingwersen,https://storage.googleapis.com/kaggle-avatars/thumbnails/4822979-kg.jpg?t=2023-10-18-12-16-43,contributor,0.48773,2,1d
191,k_murano,https://storage.googleapis.com/kaggle-avatars/thumbnails/default-thumb.png,contributor,0.4879,13,1d
192,Iqbal Syah Akbar,https://storage.googleapis.com/kaggle-avatars/thumbnails/10543899-kg.png,master,0.48854,5,4d
193,Octavio Grau,https://storage.googleapis.com/kaggle-avatars/thumbnails/6673300-kg.jpg?t=2023-11-10-19-04-03,contributor,0.48854,2,7d
194,kerry sun,https://storage.googleapis.com/kaggle-avatars/thumbnails/default-thumb.png,contributor,0.48854,1,7d
195,Thomas,https://storage.googleapis.com/kaggle-avatars/thumbnails/default-thumb.png,novice,0.48854,4,7d
196,Talha Barkaat Ahmad,https://storage.googleapis.com/kaggle-avatars/thumbnails/15482152-kg.jpg,expert,0.48854,1,7d
197,abcsue,https://storage.googleapis.com/kaggle-avatars/thumbnails/default-thumb.png,novice,0.48854,1,6d
198,Erik Folkesson,https://storage.googleapis.com/kaggle-avatars/thumbnails/14953148-kg.jpg?t=2023-11-16-10-57-48,contributor,0.48854,2,5d
199,satokato,https://storage.googleapis.com/kaggle-avatars/thumbnails/default-thumb.png,novice,0.48854,1,17h
200,Francesc Oliveras,https://storage.googleapis.com/kaggle-avatars/thumbnails/11123118-kg.png,master,0.489,2,2h
201,Eddie Amimo,https://storage.googleapis.com/kaggle-avatars/thumbnails/default-thumb.png,contributor,0.48922,4,9h
202,Akahachi,https://storage.googleapis.com/kaggle-avatars/thumbnails/3811168-kg.png,expert,0.48962,4,2d
203,mexwell,https://storage.googleapis.com/kaggle-avatars/thumbnails/3952497-kg.jpeg?t=2023-09-10-11-32-10,expert,0.48976,5,7d
204,PURVI VERMA,https://storage.googleapis.com/kaggle-avatars/thumbnails/default-thumb.png,novice,0.48989,3,2d
205,Bryan Le Grand,https://storage.googleapis.com/kaggle-avatars/thumbnails/15764731-kg.png,contributor,0.49007,14,1d
206,Siddhant Tiwari,https://storage.googleapis.com/kaggle-avatars/thumbnails/17733824-kg.jpeg?t=2023-11-14-15-44-52,contributor,0.4902,7,5d
207,ComDivRVSN,https://storage.googleapis.com/kaggle-avatars/thumbnails/default-thumb.png,contributor,0.49073,10,1d
208,Baek nam jin,https://storage.googleapis.com/kaggle-avatars/thumbnails/7802272-kg.jpg?t=2023-10-20-08-23-17,contributor,0.49081,2,1d
209,Flavia Felicioni,https://storage.googleapis.com/kaggle-avatars/thumbnails/7169360-kg.jpeg,contributor,0.491,1,7d
210,Natarajan Lalgudi,https://storage.googleapis.com/kaggle-avatars/thumbnails/1274674-gr.jpg,contributor,0.49149,7,5d
211,ABOUABDALLAH Mohamed Anwar,https://storage.googleapis.com/kaggle-avatars/thumbnails/6124849-gr.jpg,expert,0.49161,5,5d
212,Semih Günak,https://storage.googleapis.com/kaggle-avatars/thumbnails/15714431-kg.jpg?t=2023-10-23-11-26-37,contributor,0.49186,1,5d
213,Leung Kam Ho,https://storage.googleapis.com/kaggle-avatars/thumbnails/8413680-kg.JPG?t=2023-11-12-11-58-53,contributor,0.4922,18,2d
214,kaz184,https://storage.googleapis.com/kaggle-avatars/thumbnails/820032-kg.jpg,novice,0.4922,2,6d
215,ฺBeater_kung,https://storage.googleapis.com/kaggle-avatars/thumbnails/11418869-kg.png,novice,0.49251,2,4d
216,Lin Jianhang,https://storage.googleapis.com/kaggle-avatars/thumbnails/4139512-kg.jpg,contributor,0.49325,25,20m
217,higo_DM2,https://storage.googleapis.com/kaggle-avatars/thumbnails/default-thumb.png,novice,0.49356,11,5h
218,keita shimizu,https://storage.googleapis.com/kaggle-avatars/thumbnails/3979455-kg.png?t=2023-11-08-11-35-38,contributor,0.49396,22,2h
219,jonkussponkt,https://storage.googleapis.com/kaggle-avatars/thumbnails/default-thumb.png,novice,0.49403,9,2d
220,startech,https://storage.googleapis.com/kaggle-avatars/thumbnails/default-thumb.png,contributor,0.4941,5,4d
221,Suraj Yerramilli,https://storage.googleapis.com/kaggle-avatars/thumbnails/default-thumb.png,expert,0.49428,13,2d
222,Burhan Yıldız,https://storage.googleapis.com/kaggle-avatars/thumbnails/15502786-kg.jpg?t=2023-10-25-07-56-18,expert,0.49474,6,5d
223,heyuan999,https://storage.googleapis.com/kaggle-avatars/thumbnails/default-thumb.png,novice,0.49476,2,10h
224,Jordan Smith,https://storage.googleapis.com/kaggle-avatars/thumbnails/default-thumb.png,novice,0.49483,3,2d
225,Hangry bunnies,https://storage.googleapis.com/kaggle-avatars/thumbnails/12709918-kg.png,contributor,0.49507,1,5d
226,Rostyslav Fedorchenko,https://storage.googleapis.com/kaggle-avatars/thumbnails/default-thumb.png,novice,0.49593,7,6d
227,Kala Nandini,https://storage.googleapis.com/kaggle-avatars/thumbnails/10698603-kg.jpeg?t=2023-11-07-07-32-28,expert,0.49627,10,5d
228,Waleed Afify,https://storage.googleapis.com/kaggle-avatars/thumbnails/default-thumb.png,novice,0.49627,1,5d
229,Anushka Chathuranga,https://storage.googleapis.com/kaggle-avatars/thumbnails/6660933-kg.jpg,contributor,0.49627,5,4d
230,Vignesh Boopathy,https://storage.googleapis.com/kaggle-avatars/thumbnails/default-thumb.png,novice,0.49627,3,5d
231,shreep,https://storage.googleapis.com/kaggle-avatars/thumbnails/default-thumb.png,novice,0.49627,7,2d
232,Ulises M.,https://storage.googleapis.com/kaggle-avatars/thumbnails/9660701-kg.jpg,expert,0.49657,17,4d
233,Artiom Panuș,https://storage.googleapis.com/kaggle-avatars/thumbnails/default-thumb.png,novice,0.49658,20,17h
234,overfitting learner,https://storage.googleapis.com/kaggle-avatars/thumbnails/3287-gr.jpg,expert,0.4966,4,19h
235,Mesut Duman,https://storage.googleapis.com/kaggle-avatars/thumbnails/10852641-kg.png,expert,0.49665,20,4d
236,Ranjitprakash Sundaramurthi,https://storage.googleapis.com/kaggle-avatars/thumbnails/default-thumb.png,novice,0.4967,1,2d
237,Corentin Vergnolle,https://storage.googleapis.com/kaggle-avatars/thumbnails/default-thumb.png,contributor,0.4967,5,5d
238,YoanPt,https://storage.googleapis.com/kaggle-avatars/thumbnails/13591190-kg.jpg?t=2023-11-13-18-07-31,contributor,0.49677,4,6d
239,dima806,https://storage.googleapis.com/kaggle-avatars/thumbnails/846611-kg.jpg,expert,0.49678,20,4d
240,Hazman Naim,https://storage.googleapis.com/kaggle-avatars/thumbnails/15864390-kg.jpg?t=2023-11-19-08-35-41,contributor,0.49697,1,1d
241,Abhishek,https://storage.googleapis.com/kaggle-avatars/thumbnails/default-thumb.png,contributor,0.49697,6,12h
242,GanLewis,https://storage.googleapis.com/kaggle-avatars/thumbnails/8392782-kg.jpg,novice,0.49697,1,2d
243,Liza Kolesnik,https://storage.googleapis.com/kaggle-avatars/thumbnails/default-thumb.png,contributor,0.49706,4,21h
244,Trish Cornelissen,https://storage.googleapis.com/kaggle-avatars/thumbnails/default-thumb.png,contributor,0.49723,13,15h
245,Danila Kuryakin,https://storage.googleapis.com/kaggle-avatars/thumbnails/11534909-kg.jpg?t=2023-08-29-12-19-26,contributor,0.49726,6,2d
246,Yang Zhou,https://storage.googleapis.com/kaggle-avatars/thumbnails/10714201-kg.jpg,expert,0.49771,15,1d
247,Alexander Grebennikov,https://storage.googleapis.com/kaggle-avatars/thumbnails/default-thumb.png,contributor,0.49772,2,7d
248,xlforml,https://storage.googleapis.com/kaggle-avatars/thumbnails/default-thumb.png,novice,0.49799,2,8d
249,LIUHAHA1888,https://storage.googleapis.com/kaggle-avatars/thumbnails/16176083-kg.jpeg?t=2023-08-26-13-54-47,expert,0.49799,1,7d
250,surankande23,https://storage.googleapis.com/kaggle-avatars/thumbnails/6374055-kg.jpg,contributor,0.49808,13,2h
251,Nizar Bd,https://storage.googleapis.com/kaggle-avatars/thumbnails/default-thumb.png,contributor,0.49815,7,6d
252,Ivan Guschin,https://storage.googleapis.com/kaggle-avatars/thumbnails/default-thumb.png,novice,0.49829,8,3h
253,russell gilbert,https://storage.googleapis.com/kaggle-avatars/thumbnails/6272529-kg.jpg,contributor,0.49841,17,21h
254,Satti Tareq,https://storage.googleapis.com/kaggle-avatars/thumbnails/8347145-kg.jpg,contributor,0.49851,3,2d
255,Taichi Uemura,https://storage.googleapis.com/kaggle-avatars/thumbnails/default-thumb.png,novice,0.49855,9,14h
256,Jose Elisei,https://storage.googleapis.com/kaggle-avatars/thumbnails/16558844-kg.jpg?t=2023-09-05-18-15-01,contributor,0.49869,4,5d
257,Vic710,https://storage.googleapis.com/kaggle-avatars/thumbnails/default-thumb.png,novice,0.49873,11,1d
258,Huseyin Baytar,https://storage.googleapis.com/kaggle-avatars/thumbnails/15693244-kg.png,expert,0.4991,7,5d
259,NinjaInDS,https://storage.googleapis.com/kaggle-avatars/thumbnails/14190061-kg.jpeg,novice,0.49916,8,2d
260,Shayan Tohidi,https://storage.googleapis.com/kaggle-avatars/thumbnails/default-thumb.png,novice,0.49922,9,1d
261,stupid-topson,https://storage.googleapis.com/kaggle-avatars/thumbnails/6738489-kg.png,novice,0.5,4,7d
262,Siddhant Gupta,https://storage.googleapis.com/kaggle-avatars/thumbnails/2423296-fb.jpg,contributor,0.5,2,6d
263,Anubhav Tyagi1212,https://storage.googleapis.com/kaggle-avatars/thumbnails/4619806-gr.jpg,contributor,0.5,9,6d
264,Jan Gliwa,https://storage.googleapis.com/kaggle-avatars/thumbnails/default-thumb.png,novice,0.5,5,5d
265,Pramodia Suka,https://storage.googleapis.com/kaggle-avatars/thumbnails/6687942-kg.jpg?t=2023-11-09-03-54-17,contributor,0.5,2,5d
266,Jebin,https://storage.googleapis.com/kaggle-avatars/thumbnails/default-thumb.png,novice,0.5,7,1d
267,Thomas Meißner,https://storage.googleapis.com/kaggle-avatars/thumbnails/5772729-kg.jpg,expert,0.5,27,10h
268,mbalos,https://storage.googleapis.com/kaggle-avatars/thumbnails/7311460-kg.jpg?t=2023-11-15-13-28-20,contributor,0.5,5,2d
269,Magdi El-Sharkawy,https://storage.googleapis.com/kaggle-avatars/thumbnails/default-thumb.png,novice,0.5,5,19h
270,Mohamed Ayoub Chettouh,https://storage.googleapis.com/kaggle-avatars/thumbnails/default-thumb.png,contributor,0.5,2,2d
271,zenomoung,https://storage.googleapis.com/kaggle-avatars/thumbnails/default-thumb.png,novice,0.5,7,1d
272,Michael DeVore,https://storage.googleapis.com/kaggle-avatars/thumbnails/4825952-kg.png?t=2023-10-29-17-27-26,novice,0.5,2,1d
273,Justin Mustaine,https://storage.googleapis.com/kaggle-avatars/thumbnails/4966582-kg.PNG,contributor,0.5,3,14h
274,Jackie96,https://storage.googleapis.com/kaggle-avatars/thumbnails/9060441-kg.png?t=2023-09-18-05-36-18,novice,0.5,14,9h
275,Atiq Ishrak,https://storage.googleapis.com/kaggle-avatars/thumbnails/default-thumb.png,novice,0.5,8,4h
276,Vladimir Kuchin 634,https://storage.googleapis.com/kaggle-avatars/thumbnails/default-thumb.png,novice,0.5,4,2d
277,Robert Robison,https://storage.googleapis.com/kaggle-avatars/thumbnails/default-thumb.png,novice,0.50007,5,4d
278,Oran11,https://storage.googleapis.com/kaggle-avatars/thumbnails/default-thumb.png,contributor,0.50017,4,6d
279,Jorge López,https://storage.googleapis.com/kaggle-avatars/thumbnails/16445855-kg.jpg?t=2023-10-16-14-11-08,contributor,0.50023,3,30m
280,Rupak Bhattacharya,https://storage.googleapis.com/kaggle-avatars/thumbnails/default-thumb.png,contributor,0.50028,1,10h
281,Kanishk026,https://storage.googleapis.com/kaggle-avatars/thumbnails/12335289-kg.png?t=2023-09-12-15-20-35,contributor,0.50028,4,2h
282,Chris X,https://storage.googleapis.com/kaggle-avatars/thumbnails/1330628-kg.jpg,master,0.5004,12,2d
283,Azrulle,https://storage.googleapis.com/kaggle-avatars/thumbnails/default-thumb.png,novice,0.50097,1,6d
284,sunny77,https://storage.googleapis.com/kaggle-avatars/thumbnails/9944976-gr.jpg,contributor,0.5014,4,19h
285,k4nz1,https://storage.googleapis.com/kaggle-avatars/thumbnails/default-thumb.png,novice,0.50142,2,2d
286,Ricardo Haus,https://storage.googleapis.com/kaggle-avatars/thumbnails/4702389-gr.jpg,novice,0.50156,25,12h
287,Anna,https://storage.googleapis.com/kaggle-avatars/thumbnails/default-thumb.png,contributor,0.50261,1,5d
288,Luke Flannigan,https://storage.googleapis.com/kaggle-avatars/thumbnails/default-thumb.png,novice,0.50293,3,11h
289,ByTheRyan,https://storage.googleapis.com/kaggle-avatars/thumbnails/default-thumb.png,contributor,0.50361,2,6d
290,Sebastian Dirndorfer,https://storage.googleapis.com/kaggle-avatars/thumbnails/7341746-kg.jpg,contributor,0.50366,10,17h
291,Adrian Li,https://storage.googleapis.com/kaggle-avatars/thumbnails/default-thumb.png,novice,0.50368,2,2d
292,chinny84,https://storage.googleapis.com/kaggle-avatars/thumbnails/149296-kg.png,novice,0.504,5,2d
293,Mandritsa Mikhail,https://storage.googleapis.com/kaggle-avatars/thumbnails/default-thumb.png,novice,0.5042,11,11h
294,SciCapt,https://storage.googleapis.com/kaggle-avatars/thumbnails/17458185-kg.jpg?t=2023-10-29-23-48-09,contributor,0.50436,5,7d
295,Matthew Jansen,https://storage.googleapis.com/kaggle-avatars/thumbnails/4209683-kg.jpg?t=2023-11-04-11-54-41,expert,0.50478,3,7d
296,Vivek Revi,https://storage.googleapis.com/kaggle-avatars/thumbnails/default-thumb.png,contributor,0.505,12,9h
297,Kentanz,https://storage.googleapis.com/kaggle-avatars/thumbnails/7836727-kg.JPG,contributor,0.50572,20,9h
298,Hryk Hmgch,https://storage.googleapis.com/kaggle-avatars/thumbnails/default-thumb.png,novice,0.50618,12,2h
299,hoppyy,https://storage.googleapis.com/kaggle-avatars/thumbnails/default-thumb.png,novice,0.50624,6,1d
300,gruliju,https://storage.googleapis.com/kaggle-avatars/thumbnails/8815801-kg.jpg?t=2023-10-15-15-07-48,contributor,0.50678,6,6d
301,Steve Steinacker,https://storage.googleapis.com/kaggle-avatars/thumbnails/default-thumb.png,contributor,0.50692,3,18h
302,Shingo Sadahiro,https://storage.googleapis.com/kaggle-avatars/thumbnails/default-thumb.png,contributor,0.50761,1,5d
303,Fengqian,https://storage.googleapis.com/kaggle-avatars/thumbnails/default-thumb.png,novice,0.50786,4,2d
304,R Kraig Helmeczi,https://storage.googleapis.com/kaggle-avatars/thumbnails/default-thumb.png,contributor,0.50796,6,2d
305,Yusheng Lei,https://storage.googleapis.com/kaggle-avatars/thumbnails/default-thumb.png,contributor,0.50832,4,7d
306,Adam Michalak,https://storage.googleapis.com/kaggle-avatars/thumbnails/default-thumb.png,contributor,0.50863,6,5d
308,LeslieM,https://storage.googleapis.com/kaggle-avatars/thumbnails/default-thumb.png,contributor,0.51061,1,5d
309,Bertan Pank,https://storage.googleapis.com/kaggle-avatars/thumbnails/default-thumb.png,contributor,0.51113,3,6d
310,JR & GT,https://storage.googleapis.com/kaggle-avatars/thumbnails/8126128-kg.png,contributor,0.51138,1,2d
311,Ilya Bukhansky,https://storage.googleapis.com/kaggle-avatars/thumbnails/default-thumb.png,novice,0.51154,11,5d
312,Evseev Sergey,https://storage.googleapis.com/kaggle-avatars/thumbnails/default-thumb.png,novice,0.51176,1,6d
313,Andrei Lazanu,https://storage.googleapis.com/kaggle-avatars/thumbnails/default-thumb.png,contributor,0.51225,7,1h
314,C4rl05/V,https://storage.googleapis.com/kaggle-avatars/thumbnails/621084-kg.JPG,master,0.5127,7,1d
315,Harmandeep Singh Padam,https://storage.googleapis.com/kaggle-avatars/thumbnails/10774195-kg.jpeg?t=2023-08-28-18-57-08,expert,0.51336,4,4d
316,tkomota,https://storage.googleapis.com/kaggle-avatars/thumbnails/6269043-kg.png?t=2023-11-03-14-00-28,novice,0.51349,1,20h
317,BajpaiDev,https://storage.googleapis.com/kaggle-avatars/thumbnails/default-thumb.png,novice,0.51367,6,4d
318,João Paulo von Gilsa Lopes,https://storage.googleapis.com/kaggle-avatars/thumbnails/default-thumb.png,novice,0.51414,4,18h
319,zeme3000,https://storage.googleapis.com/kaggle-avatars/thumbnails/default-thumb.png,novice,0.51457,4,6d
320,nosafromvn,https://storage.googleapis.com/kaggle-avatars/thumbnails/16980637-gr.jpg,novice,0.51485,3,7d
321,CommonGardeniaM,https://storage.googleapis.com/kaggle-avatars/thumbnails/default-thumb.png,novice,0.51539,11,5d
322,hongjiao liu,https://storage.googleapis.com/kaggle-avatars/thumbnails/default-thumb.png,novice,0.51607,2,5d
323,Rizky Anugrah Ananto,https://storage.googleapis.com/kaggle-avatars/thumbnails/7541229-kg.jpg,expert,0.51684,1,6d
324,Andre Endress,https://storage.googleapis.com/kaggle-avatars/thumbnails/8665886-kg.jpg,contributor,0.51724,5,2d
325,ines_motaR,https://storage.googleapis.com/kaggle-avatars/thumbnails/17092950-kg.jpg?t=2023-10-13-18-25-14,novice,0.51981,1,6d
326,Sohan Kumar Sahoo,https://storage.googleapis.com/kaggle-avatars/thumbnails/16626322-kg.jpg?t=2023-11-13-03-10-05,novice,0.51982,14,1d
327,Серей Кисиль,https://storage.googleapis.com/kaggle-avatars/thumbnails/6182659-kg.jpg,contributor,0.51988,10,6d
328,zhijie x,https://storage.googleapis.com/kaggle-avatars/thumbnails/default-thumb.png,novice,0.52004,1,2d
329,K R Bharat,https://storage.googleapis.com/kaggle-avatars/thumbnails/default-thumb.png,expert,0.52035,3,2d
330,BasyaKuE,https://storage.googleapis.com/kaggle-avatars/thumbnails/3090129-fb.jpg,contributor,0.52046,1,6d
331,Reading Hui,https://storage.googleapis.com/kaggle-avatars/thumbnails/default-thumb.png,novice,0.52048,4,4d
332,Ahmed Gouda,https://storage.googleapis.com/kaggle-avatars/thumbnails/12369073-kg.png?t=2023-11-12-11-15-26,contributor,0.52128,3,7d
333,Fabian Bong,https://storage.googleapis.com/kaggle-avatars/thumbnails/default-thumb.png,contributor,0.5214,5,7d
334,dj2020,https://storage.googleapis.com/kaggle-avatars/thumbnails/default-thumb.png,contributor,0.522,8,2d
335,silinr8,https://storage.googleapis.com/kaggle-avatars/thumbnails/default-thumb.png,novice,0.52335,9,2d
336,Rahul Devendra,https://storage.googleapis.com/kaggle-avatars/thumbnails/default-thumb.png,contributor,0.52372,1,6d
337,Dohyun Ko,https://storage.googleapis.com/kaggle-avatars/thumbnails/default-thumb.png,novice,0.52529,1,2d
338,Setyo,https://storage.googleapis.com/kaggle-avatars/thumbnails/6294389-kg.png,contributor,0.52543,2,7h
339,Arpit P. Patel,https://storage.googleapis.com/kaggle-avatars/thumbnails/default-thumb.png,contributor,0.52564,1,1d
340,zhuoqunli,https://storage.googleapis.com/kaggle-avatars/thumbnails/11486426-kg.jpg?t=2023-10-01-08-43-14,expert,0.52738,13,2d
341,ahmed abbas,https://storage.googleapis.com/kaggle-avatars/thumbnails/9731621-kg.jpeg?t=2023-10-19-15-01-16,expert,0.52785,4,2d
342,ZhuJingnan,https://storage.googleapis.com/kaggle-avatars/thumbnails/default-thumb.png,novice,0.5284,6,14h
343,Kishore Ramakrishnan,https://storage.googleapis.com/kaggle-avatars/thumbnails/5251797-kg.jpg?t=2023-11-17-07-14-29,novice,0.53026,5,5d
344,Jason,https://storage.googleapis.com/kaggle-avatars/thumbnails/default-thumb.png,contributor,0.53044,1,3d
345,Giuliano Giari,https://storage.googleapis.com/kaggle-avatars/thumbnails/default-thumb.png,novice,0.53157,1,2d
346,toshidasu,https://storage.googleapis.com/kaggle-avatars/thumbnails/default-thumb.png,contributor,0.53184,1,2d
347,Uyen Thi,https://storage.googleapis.com/kaggle-avatars/thumbnails/default-thumb.png,novice,0.53382,9,4d
348,Mateusz Kowalczyk,https://storage.googleapis.com/kaggle-avatars/thumbnails/13251128-kg.jpg?t=2023-09-20-14-11-06,master,0.53518,3,2d
349,Rajeev Nair,https://storage.googleapis.com/kaggle-avatars/thumbnails/7428731-kg.png,expert,0.53563,5,1d
350,Pruvost Michael,https://storage.googleapis.com/kaggle-avatars/thumbnails/default-thumb.png,contributor,0.53784,2,6d
351,ainj_hamn526,https://storage.googleapis.com/kaggle-avatars/thumbnails/7971927-kg.png,novice,0.53794,8,3h
352,kesavan,https://storage.googleapis.com/kaggle-avatars/thumbnails/default-thumb.png,contributor,0.54106,4,4d
353,Lornar The Breton,https://storage.googleapis.com/kaggle-avatars/thumbnails/default-thumb.png,novice,0.54237,6,5d
354,Bryan Harris,https://storage.googleapis.com/kaggle-avatars/thumbnails/default-thumb.png,novice,0.54358,8,4d
355,Etienne Bouchard,https://storage.googleapis.com/kaggle-avatars/thumbnails/10944495-gr.jpg,contributor,0.54949,4,20h
356,Folli,https://storage.googleapis.com/kaggle-avatars/thumbnails/62080-kg.jpg,contributor,0.55,2,7d
357,Gautam,https://storage.googleapis.com/kaggle-avatars/thumbnails/default-thumb.png,contributor,0.55047,6,1d
358,Chagin,https://storage.googleapis.com/kaggle-avatars/thumbnails/7278999-kg.png?t=2023-10-10-02-06-04,contributor,0.55095,4,6d
359,Umut Kaan Demirtaş,https://storage.googleapis.com/kaggle-avatars/thumbnails/10486440-kg.jpeg,contributor,0.55291,11,21h
360,Sean Parry,https://storage.googleapis.com/kaggle-avatars/thumbnails/default-thumb.png,novice,0.55593,2,7d
361,Lucas A S Carvalho,https://storage.googleapis.com/kaggle-avatars/thumbnails/default-thumb.png,contributor,0.55599,3,16h
362,StrawHatDragon,https://storage.googleapis.com/kaggle-avatars/thumbnails/1212397-kg.jpg,contributor,0.556,2,4d
363,Djilax,https://storage.googleapis.com/kaggle-avatars/thumbnails/896113-kg.png,contributor,0.55805,1,4d
364,Tuhinm2002,https://storage.googleapis.com/kaggle-avatars/thumbnails/default-thumb.png,expert,0.55863,11,1d
365,Shivansh Gupta,https://storage.googleapis.com/kaggle-avatars/thumbnails/default-thumb.png,novice,0.55969,20,10h
366,ML_Magic,https://storage.googleapis.com/kaggle-avatars/thumbnails/default-thumb.png,contributor,0.56086,6,3h
367,Simone Zappatini,https://storage.googleapis.com/kaggle-avatars/thumbnails/16215371-kg.png?t=2023-10-20-18-04-31,contributor,0.56102,5,4d
368,Ridwan Amokun,https://storage.googleapis.com/kaggle-avatars/thumbnails/7384607-kg.jpg,novice,0.56132,2,5d
369,Octavian AI,https://storage.googleapis.com/kaggle-avatars/thumbnails/3780873-kg.jpg,contributor,0.56263,8,7h
370,Alexander Andreev,https://storage.googleapis.com/kaggle-avatars/thumbnails/default-thumb.png,expert,0.56264,1,2d
371,Mind Of logical fire,https://storage.googleapis.com/kaggle-avatars/thumbnails/13207212-kg.jpg?t=2023-09-02-06-52-54,novice,0.56291,4,5d
372,Ruturaj patil,https://storage.googleapis.com/kaggle-avatars/thumbnails/5895914-kg.jpg,contributor,0.56654,1,5d
373,JordiGerry,https://storage.googleapis.com/kaggle-avatars/thumbnails/default-thumb.png,novice,0.568,4,2d
374,noitcA,https://storage.googleapis.com/kaggle-avatars/thumbnails/default-thumb.png,contributor,0.56944,3,4d
375,Mr. Data Wheeler,https://storage.googleapis.com/kaggle-avatars/thumbnails/default-thumb.png,novice,0.57,2,5d
376,Rayyan,https://storage.googleapis.com/kaggle-avatars/thumbnails/default-thumb.png,novice,0.57367,7,1h
377,yuji,https://storage.googleapis.com/kaggle-avatars/thumbnails/6456830-kg.jpg,contributor,0.57889,7,1d
378,Faisal Alsrheed,https://storage.googleapis.com/kaggle-avatars/thumbnails/4122826-kg.jpeg,master,0.58518,1,7d
379,AiDeeSiS,https://storage.googleapis.com/kaggle-avatars/thumbnails/10736305-gr.jpg,contributor,0.58562,1,2d
380,Wolf,https://storage.googleapis.com/kaggle-avatars/thumbnails/1529426-kg.jpg,contributor,0.58716,4,2d
381,Angel,https://storage.googleapis.com/kaggle-avatars/thumbnails/2768965-kg.png,novice,0.58728,1,5d
382,Alessandro Lucca,https://storage.googleapis.com/kaggle-avatars/thumbnails/default-thumb.png,novice,0.58888,5,2h
383,Arpita Shenoy,https://storage.googleapis.com/kaggle-avatars/thumbnails/1955591-gp.jpg,contributor,0.58924,3,7h
384,Soumyadeep Bose,https://storage.googleapis.com/kaggle-avatars/thumbnails/15053853-kg.jpg,contributor,0.58965,9,4d
385,Ivan Krokhalyov,https://storage.googleapis.com/kaggle-avatars/thumbnails/3390876-kg.jpg,contributor,0.59017,11,1d
386,Sumanta Basak,https://storage.googleapis.com/kaggle-avatars/thumbnails/438748-kg.jpg,contributor,0.59131,1,1d
387,Barbagrande007,https://storage.googleapis.com/kaggle-avatars/thumbnails/7958366-kg.png,expert,0.59249,3,2d
388,Alexander and Igal,https://storage.googleapis.com/kaggle-avatars/thumbnails/10074224-kg.JPG?t=2023-08-28-01-14-41,expert,0.59417,18,7h
389,Drew Josselyn,https://storage.googleapis.com/kaggle-avatars/thumbnails/default-thumb.png,novice,0.59449,10,20h
390,mobu and friends,https://storage.googleapis.com/kaggle-avatars/thumbnails/5782545-kg.jpg,contributor,0.59483,15,10h
391,Hikmatullah Mohammadi,https://storage.googleapis.com/kaggle-avatars/thumbnails/6506601-kg.jpg,expert,0.59659,8,21h
392,Gary Trumble,https://storage.googleapis.com/kaggle-avatars/thumbnails/17836176-kg.png?t=2023-11-20-19-17-57,contributor,0.59659,1,18h
393,kogni7,https://storage.googleapis.com/kaggle-avatars/thumbnails/default-thumb.png,contributor,0.59739,10,1d
394,stpete_ishii,https://storage.googleapis.com/kaggle-avatars/thumbnails/2648923-gr.jpg,expert,0.59772,28,3h
395,Marius Borel,https://storage.googleapis.com/kaggle-avatars/thumbnails/10060125-kg.png,contributor,0.59794,3,1d
396,Marcus Chan,https://storage.googleapis.com/kaggle-avatars/thumbnails/6441866-kg.png,expert,0.59837,2,8d
397,Brandon Young,https://storage.googleapis.com/kaggle-avatars/thumbnails/16731011-kg.png?t=2023-10-15-01-37-04,contributor,0.59848,10,17h
398,Yusuf DİNÇ,https://storage.googleapis.com/kaggle-avatars/thumbnails/default-thumb.png,contributor,0.59877,3,5d
399,Nikhil Sharma,https://storage.googleapis.com/kaggle-avatars/thumbnails/default-thumb.png,expert,0.59882,4,1d
400,Catadanna,https://storage.googleapis.com/kaggle-avatars/thumbnails/3616012-kg.jpg,expert,0.59903,14,2d
401,Fabia NIvel,https://storage.googleapis.com/kaggle-avatars/thumbnails/default-thumb.png,novice,0.59912,4,4d
402,Tanner Cabaniss,https://storage.googleapis.com/kaggle-avatars/thumbnails/default-thumb.png,novice,0.59922,2,2d
403,Miguel Santiago Azuero Melo,https://storage.googleapis.com/kaggle-avatars/thumbnails/default-thumb.png,contributor,0.59933,5,5m
404,napam689,https://storage.googleapis.com/kaggle-avatars/thumbnails/default-thumb.png,novice,0.59956,11,4d
405,Jim Gruman,https://storage.googleapis.com/kaggle-avatars/thumbnails/6765218-kg.jpg?t=2023-10-07-11-40-02,expert,0.6,6,5h
406,pbhandari,https://storage.googleapis.com/kaggle-avatars/thumbnails/default-thumb.png,novice,0.6,3,9h
407,Arin,https://storage.googleapis.com/kaggle-avatars/thumbnails/3510115-kg.JPG,contributor,0.6,16,8h
408,xfolia,https://storage.googleapis.com/kaggle-avatars/thumbnails/default-thumb.png,contributor,0.6002,3,8h
409,Thao nguyen trang,https://storage.googleapis.com/kaggle-avatars/thumbnails/default-thumb.png,contributor,0.60314,4,2d
410,Anzar,https://storage.googleapis.com/kaggle-avatars/thumbnails/2949515-kg.jpg,expert,0.604,8,1d
411,Fadhl Akmal,https://storage.googleapis.com/kaggle-avatars/thumbnails/13971765-kg.png,contributor,0.60458,7,2d
412,Mukul Agarwal,https://storage.googleapis.com/kaggle-avatars/thumbnails/1284127-kg.jpg,contributor,0.6048,12,11h
413,nathankim0917,https://storage.googleapis.com/kaggle-avatars/thumbnails/default-thumb.png,contributor,0.60638,1,4d
414,KLYUSHNIK-Alexsandr,https://storage.googleapis.com/kaggle-avatars/thumbnails/8902338-kg.jpg,expert,0.60639,21,1d
415,Sukanta Basu,https://storage.googleapis.com/kaggle-avatars/thumbnails/default-thumb.png,contributor,0.60731,2,2d
416,Matthew Hetzel,https://storage.googleapis.com/kaggle-avatars/thumbnails/default-thumb.png,novice,0.60784,3,2d
417,"I'm jobless, please hire me",https://storage.googleapis.com/kaggle-avatars/thumbnails/5217865-kg.jpg?t=2023-11-01-12-42-37,contributor,0.60893,4,5d
418,Ali Bavi,https://storage.googleapis.com/kaggle-avatars/thumbnails/default-thumb.png,novice,0.60899,5,4d
419,Damian Szafert,https://storage.googleapis.com/kaggle-avatars/thumbnails/default-thumb.png,novice,0.60916,2,2d
420,ArnoldRosielle,https://storage.googleapis.com/kaggle-avatars/thumbnails/708454-fb.jpg,contributor,0.61053,5,18h
421,Ariadne Alkiviade,https://storage.googleapis.com/kaggle-avatars/thumbnails/12425072-kg.png?t=2023-10-12-21-07-26,novice,0.61128,1,5d
422,Johannes Roed,https://storage.googleapis.com/kaggle-avatars/thumbnails/default-thumb.png,novice,0.61188,3,4d
423,Atif Suhail,https://storage.googleapis.com/kaggle-avatars/thumbnails/default-thumb.png,novice,0.6121,8,21m
424,Da_Vinci_Code,https://storage.googleapis.com/kaggle-avatars/thumbnails/8359875-kg.png,contributor,0.61246,4,7d
425,Mikolaj_Kloczewski,https://storage.googleapis.com/kaggle-avatars/thumbnails/17329300-kg.jpg?t=2023-11-18-10-12-31,novice,0.61277,5,17h
426,ChrisK321,https://storage.googleapis.com/kaggle-avatars/thumbnails/default-thumb.png,expert,0.61285,11,1d
427,Emir Tatlıcı,https://storage.googleapis.com/kaggle-avatars/thumbnails/10999225-kg.jpg,contributor,0.61368,1,15h
428,Kheirallah Samaha,https://storage.googleapis.com/kaggle-avatars/thumbnails/801148-kg.png?t=2023-11-17-12-27-41,master,0.61405,10,6h
429,Mirko Martens,https://storage.googleapis.com/kaggle-avatars/thumbnails/default-thumb.png,novice,0.61449,1,4d
430,T.Takeshi,https://storage.googleapis.com/kaggle-avatars/thumbnails/default-thumb.png,novice,0.61463,1,1d
431,Konstantin Belousov,https://storage.googleapis.com/kaggle-avatars/thumbnails/10281910-kg.jpg,contributor,0.61466,3,6d
432,Sujal Neupane,https://storage.googleapis.com/kaggle-avatars/thumbnails/12868435-kg.jpg?t=2023-10-25-07-11-44,expert,0.61483,6,1d
433,kavani,https://storage.googleapis.com/kaggle-avatars/thumbnails/4145776-kg.jpeg?t=2023-11-17-06-59-59,contributor,0.61492,9,2d
434,AYAHM BARISH,https://storage.googleapis.com/kaggle-avatars/thumbnails/2582300-kg.jpg,expert,0.615,4,2d
435,M1kh@1l,https://storage.googleapis.com/kaggle-avatars/thumbnails/default-thumb.png,contributor,0.61516,4,7h
436,AkshatSG,https://storage.googleapis.com/kaggle-avatars/thumbnails/13441615-kg.jpg?t=2023-10-20-21-43-34,contributor,0.61517,3,6d
437,VenturaRaee,https://storage.googleapis.com/kaggle-avatars/thumbnails/default-thumb.png,novice,0.61601,2,7d
438,MENGFL,https://storage.googleapis.com/kaggle-avatars/thumbnails/default-thumb.png,contributor,0.61601,4,2d
439,dolphine,https://storage.googleapis.com/kaggle-avatars/thumbnails/11881209-kg.jpeg?t=2023-11-04-06-50-10,contributor,0.6174,1,6d
440,KavanAlp,https://storage.googleapis.com/kaggle-avatars/thumbnails/default-thumb.png,novice,0.61827,1,4d
441,Vladislav Sergeenko,https://storage.googleapis.com/kaggle-avatars/thumbnails/8890176-gr.jpg,novice,0.61861,4,7d
442,Chovy.Xu,https://storage.googleapis.com/kaggle-avatars/thumbnails/13627718-kg.jpg?t=2023-10-24-04-51-09,contributor,0.61943,1,2d
443,300425-ภัคพล,https://storage.googleapis.com/kaggle-avatars/thumbnails/default-thumb.png,novice,0.61955,1,4d
444,InDisQualified,https://storage.googleapis.com/kaggle-avatars/thumbnails/default-thumb.png,contributor,0.61964,5,2d
445,SunilKumarAdapa,https://storage.googleapis.com/kaggle-avatars/thumbnails/17184229-kg.jpg?t=2023-11-02-02-40-55,contributor,0.61967,8,1d
446,tsunta_m,https://storage.googleapis.com/kaggle-avatars/thumbnails/5642817-kg.png,novice,0.61999,5,4d
447,Nick Kappler,https://storage.googleapis.com/kaggle-avatars/thumbnails/default-thumb.png,novice,0.62,1,2d
448,the-usman,https://storage.googleapis.com/kaggle-avatars/thumbnails/16397168-gr.jpg,contributor,0.62081,5,4d
449,Abhishek Upmanyu,https://storage.googleapis.com/kaggle-avatars/thumbnails/1493966-fb.jpg,novice,0.62099,2,4d
450,Pulkit Mehta,https://storage.googleapis.com/kaggle-avatars/thumbnails/2980413-kg.jpg,expert,0.621,1,2d
451,Edgar,https://storage.googleapis.com/kaggle-avatars/thumbnails/392856-gr.jpg,novice,0.6213,11,2h
452,partycia,https://storage.googleapis.com/kaggle-avatars/thumbnails/10046955-kg.jpg,expert,0.62153,1,6d
453,beastar3104,https://storage.googleapis.com/kaggle-avatars/thumbnails/default-thumb.png,novice,0.62191,6,5d
454,Van C,https://storage.googleapis.com/kaggle-avatars/thumbnails/10364535-kg.png,contributor,0.62199,2,5d
455,mode-01,https://storage.googleapis.com/kaggle-avatars/thumbnails/13887593-kg.png,contributor,0.62248,4,5d
456,Sonaal Pathlai Pradeep,https://storage.googleapis.com/kaggle-avatars/thumbnails/3370289-kg.jpeg?t=2023-11-19-05-26-40,contributor,0.62284,4,2d
457,Shawn Carere,https://storage.googleapis.com/kaggle-avatars/thumbnails/1648653-kg.jpg,contributor,0.62288,1,4d
458,lijianwei417,https://storage.googleapis.com/kaggle-avatars/thumbnails/default-thumb.png,novice,0.62313,5,7h
459,G Jagadeesh,https://storage.googleapis.com/kaggle-avatars/thumbnails/default-thumb.png,novice,0.6235,2,4d
460,Medhansh Rawat,https://storage.googleapis.com/kaggle-avatars/thumbnails/default-thumb.png,novice,0.62353,7,4d
461,Suraj Yadav,https://storage.googleapis.com/kaggle-avatars/thumbnails/default-thumb.png,contributor,0.62377,3,2d
462,Lucas Thompson,https://storage.googleapis.com/kaggle-avatars/thumbnails/1884510-fb.jpg,novice,0.624,2,3d
463,Akanksha Sharma,https://storage.googleapis.com/kaggle-avatars/thumbnails/2130947-gp.jpg,contributor,0.62411,4,14h
464,lahoucine oumlil,https://storage.googleapis.com/kaggle-avatars/thumbnails/9417788-kg.jpg?t=2023-11-08-10-04-42,novice,0.62495,1,21h
465,Chloe Pomeroy,https://storage.googleapis.com/kaggle-avatars/thumbnails/default-thumb.png,novice,0.62525,4,6d
466,Rohit Dwivedula,https://storage.googleapis.com/kaggle-avatars/thumbnails/5431208-kg.jpeg,contributor,0.62581,6,5d
467,Nathan T Nguyen,https://storage.googleapis.com/kaggle-avatars/thumbnails/default-thumb.png,contributor,0.6259,1,9h
468,Biel ABS,https://storage.googleapis.com/kaggle-avatars/thumbnails/3953741-gr.jpg,novice,0.626,4,2d
469,Tcheneghon Motcheyo Herman,https://storage.googleapis.com/kaggle-avatars/thumbnails/8591554-kg.png?t=2023-11-19-16-21-38,contributor,0.62612,1,2d
470,Ajatshatru Mishra,https://storage.googleapis.com/kaggle-avatars/thumbnails/default-thumb.png,novice,0.62616,3,5d
471,Vineed Biju,https://storage.googleapis.com/kaggle-avatars/thumbnails/default-thumb.png,contributor,0.62639,1,2d
472,Vadim Fedorov,https://storage.googleapis.com/kaggle-avatars/thumbnails/1540171-kg.jpg?t=2023-10-04-15-45-05,contributor,0.62648,6,3h
473,Ahmed Okka,https://storage.googleapis.com/kaggle-avatars/thumbnails/10015189-kg.jpg?t=2023-09-02-18-58-21,contributor,0.62672,1,8d
474,Seeker CHiou,https://storage.googleapis.com/kaggle-avatars/thumbnails/1958266-gp.jpg,contributor,0.62714,2,5d
475,Abhijit Darekar,https://storage.googleapis.com/kaggle-avatars/thumbnails/10908441-kg.jpg,expert,0.62745,3,2h
476,Djmater,https://storage.googleapis.com/kaggle-avatars/thumbnails/default-thumb.png,novice,0.62766,3,20h
477,Nishant Mahajan,https://storage.googleapis.com/kaggle-avatars/thumbnails/210251-gp.jpg,novice,0.62783,1,5h
478,Hayri Latif,https://storage.googleapis.com/kaggle-avatars/thumbnails/2823707-kg.png,contributor,0.62816,4,5d
479,hyesung6,https://storage.googleapis.com/kaggle-avatars/thumbnails/default-thumb.png,novice,0.62836,5,6d
480,Shohei Aoki,https://storage.googleapis.com/kaggle-avatars/thumbnails/41013-gr.jpg,contributor,0.62853,1,2d
481,karlb3030,https://storage.googleapis.com/kaggle-avatars/thumbnails/default-thumb.png,contributor,0.62857,8,2d
482,bkowshik,https://storage.googleapis.com/kaggle-avatars/thumbnails/5210536-kg.jpg,expert,0.62899,5,21h
483,Jing Yu Lim,https://storage.googleapis.com/kaggle-avatars/thumbnails/default-thumb.png,novice,0.62899,2,5d
484,Minerva Queens,https://storage.googleapis.com/kaggle-avatars/thumbnails/13153903-kg.png,contributor,0.62943,3,6d
485,Jocelyn Dumlao,https://storage.googleapis.com/kaggle-avatars/thumbnails/7212220-kg.png,expert,0.63,5,12h
486,khashi20,https://storage.googleapis.com/kaggle-avatars/thumbnails/default-thumb.png,novice,0.63003,1,4d
487,fukumimi,https://storage.googleapis.com/kaggle-avatars/thumbnails/default-thumb.png,novice,0.63034,1,8h
488,Stefano Antinori,https://storage.googleapis.com/kaggle-avatars/thumbnails/1818626-gp.jpg,contributor,0.63096,7,25m
489,Ashish C,https://storage.googleapis.com/kaggle-avatars/thumbnails/default-thumb.png,novice,0.63099,2,5d
490,persaeus,https://storage.googleapis.com/kaggle-avatars/thumbnails/default-thumb.png,contributor,0.63125,11,4d
491,Hazel,https://storage.googleapis.com/kaggle-avatars/thumbnails/default-thumb.png,novice,0.63138,13,2d
492,Tatiana K.,https://storage.googleapis.com/kaggle-avatars/thumbnails/11559138-kg.jpg?t=2023-11-01-16-56-27,contributor,0.6315,3,4d
493,NBPub,https://storage.googleapis.com/kaggle-avatars/thumbnails/default-thumb.png,novice,0.63191,2,6d
494,kjihwan,https://storage.googleapis.com/kaggle-avatars/thumbnails/2933330-kg.jpg?t=2023-10-04-04-37-16,contributor,0.63208,8,35m
495,Bhima Boiii,https://storage.googleapis.com/kaggle-avatars/thumbnails/14393673-kg.jpg?t=2023-08-25-17-23-18,contributor,0.63217,8,4h
496,Yee Mei Tsang,https://storage.googleapis.com/kaggle-avatars/thumbnails/11474584-kg.jpeg,contributor,0.63287,3,5d
497,MeatShizzle,https://storage.googleapis.com/kaggle-avatars/thumbnails/default-thumb.png,contributor,0.63287,1,5d
498,seunghwan0987,https://storage.googleapis.com/kaggle-avatars/thumbnails/default-thumb.png,contributor,0.63287,1,2d
499,gabriel buchhorn,https://storage.googleapis.com/kaggle-avatars/thumbnails/7818039-kg.jpg,expert,0.63287,3,2d
500,Andy,https://storage.googleapis.com/kaggle-avatars/thumbnails/default-thumb.png,novice,0.63294,9,2h
501,Srushanth Baride,https://storage.googleapis.com/kaggle-avatars/thumbnails/7535830-kg.jpg?t=2023-10-16-20-05-42,contributor,0.63299,10,5d
502,gigity,https://storage.googleapis.com/kaggle-avatars/thumbnails/default-thumb.png,novice,0.63324,5,1d
503,Ivan Plotnikov,https://storage.googleapis.com/kaggle-avatars/thumbnails/default-thumb.png,contributor,0.63342,10,19h
504,hohohoz,https://storage.googleapis.com/kaggle-avatars/thumbnails/default-thumb.png,novice,0.63346,2,4d
505,Jerzy Wieczorek,https://storage.googleapis.com/kaggle-avatars/thumbnails/13450198-kg.jpg,novice,0.63346,7,6d
506,Thilak Mohan,https://storage.googleapis.com/kaggle-avatars/thumbnails/7582780-kg.jpg,contributor,0.63389,2,6d
507,Chomba Waihenya,https://storage.googleapis.com/kaggle-avatars/thumbnails/2591483-kg.png,contributor,0.634,4,4d
508,Alex Dstory,https://storage.googleapis.com/kaggle-avatars/thumbnails/default-thumb.png,contributor,0.63484,4,6d
509,Hongryeol Gil,https://storage.googleapis.com/kaggle-avatars/thumbnails/default-thumb.png,novice,0.63495,2,1d
510,ConorD,https://storage.googleapis.com/kaggle-avatars/thumbnails/592410-fb.jpg,contributor,0.63586,2,2d
511,MohamedFarouk,https://storage.googleapis.com/kaggle-avatars/thumbnails/default-thumb.png,contributor,0.63609,1,7d
512,Shi ,https://storage.googleapis.com/kaggle-avatars/thumbnails/default-thumb.png,novice,0.63613,6,1d
513,Munch96,https://storage.googleapis.com/kaggle-avatars/thumbnails/15741323-kg.jpg?t=2023-11-14-17-09-50,contributor,0.63699,4,7d
514,Mohammadamin Salimi,https://storage.googleapis.com/kaggle-avatars/thumbnails/5943383-kg.JPG,novice,0.637,3,2d
515,Andrey.Gorbachev,https://storage.googleapis.com/kaggle-avatars/thumbnails/6700281-kg.jpg,contributor,0.637,5,18h
516,sukhdeepg,https://storage.googleapis.com/kaggle-avatars/thumbnails/default-thumb.png,novice,0.637,2,5d
517,AIVILLAIN,https://storage.googleapis.com/kaggle-avatars/thumbnails/1668397-kg.jpg,contributor,0.637,3,2d
518,Uzair Shafique,https://storage.googleapis.com/kaggle-avatars/thumbnails/9971502-kg.jpg?t=2023-11-18-13-51-09,contributor,0.637,8,19h
519,Zonit L.,https://storage.googleapis.com/kaggle-avatars/thumbnails/default-thumb.png,novice,0.63705,2,2d
520,NATCHA PHONKAMHAENG,https://storage.googleapis.com/kaggle-avatars/thumbnails/11789779-kg.jpg,novice,0.63724,4,1d
521,SpectreSpect,https://storage.googleapis.com/kaggle-avatars/thumbnails/15003351-kg.jpg,contributor,0.63765,4,5d
522,rossy114,https://storage.googleapis.com/kaggle-avatars/thumbnails/1559545-kg.png,contributor,0.638,10,3d
523,Matteo Anzano,https://storage.googleapis.com/kaggle-avatars/thumbnails/13901569-kg.jpg?t=2023-10-31-12-52-11,contributor,0.63807,1,5d
524,Modekurthy Venkata Surya Sunil,https://storage.googleapis.com/kaggle-avatars/thumbnails/65483-fb.jpg,contributor,0.63838,3,1d
525,Angelo Rosu,https://storage.googleapis.com/kaggle-avatars/thumbnails/default-thumb.png,novice,0.63856,4,6d
526,Damjan Kostovic,https://storage.googleapis.com/kaggle-avatars/thumbnails/default-thumb.png,novice,0.63866,5,1d
527,Just4Fun,https://storage.googleapis.com/kaggle-avatars/thumbnails/default-thumb.png,contributor,0.63896,1,3d
528,shadechen,https://storage.googleapis.com/kaggle-avatars/thumbnails/default-thumb.png,novice,0.639,3,1d
529,benjamin choi,https://storage.googleapis.com/kaggle-avatars/thumbnails/default-thumb.png,contributor,0.63932,3,4d
530,AaronAlbrecht,https://storage.googleapis.com/kaggle-avatars/thumbnails/17620523-kg.png?t=2023-11-17-03-29-11,novice,0.63937,6,1d
531,Thomas James Little,https://storage.googleapis.com/kaggle-avatars/thumbnails/default-thumb.png,contributor,0.63957,1,7d
532,Rodda Sai Chaitanya,https://storage.googleapis.com/kaggle-avatars/thumbnails/default-thumb.png,novice,0.63974,1,2d
533,Asmaa Nasr,https://storage.googleapis.com/kaggle-avatars/thumbnails/default-thumb.png,novice,0.63988,3,7d
534,Manav,https://storage.googleapis.com/kaggle-avatars/thumbnails/2593605-gp.jpg,expert,0.63998,1,6d
535,Neddy Avgha,https://storage.googleapis.com/kaggle-avatars/thumbnails/16435342-gr.jpg,contributor,0.64,1,1d
536,Aina Temiloluwa,https://storage.googleapis.com/kaggle-avatars/thumbnails/default-thumb.png,novice,0.64042,9,12h
537,Puneet681,https://storage.googleapis.com/kaggle-avatars/thumbnails/default-thumb.png,novice,0.64068,1,7d
538,MOKSH BAWEJA,https://storage.googleapis.com/kaggle-avatars/thumbnails/13836891-kg.jpg,expert,0.64169,9,6d
539,Hasibullah Aman,https://storage.googleapis.com/kaggle-avatars/thumbnails/10981929-kg.jpg,expert,0.64197,8,5d
540,PeterGrundell,https://storage.googleapis.com/kaggle-avatars/thumbnails/default-thumb.png,novice,0.642,2,3h
541,Ruken Missonnier,https://storage.googleapis.com/kaggle-avatars/thumbnails/13896785-kg.jpeg,expert,0.64243,3,6d
542,LCthur,https://storage.googleapis.com/kaggle-avatars/thumbnails/default-thumb.png,novice,0.64267,1,2d
543,Jordan Burch,https://storage.googleapis.com/kaggle-avatars/thumbnails/default-thumb.png,novice,0.64307,5,4d
544,Ahmed Samir,https://storage.googleapis.com/kaggle-avatars/thumbnails/default-thumb.png,novice,0.64399,1,6d
545,Danial Zakaria,https://storage.googleapis.com/kaggle-avatars/thumbnails/4495635-gr.jpg,contributor,0.64399,5,18h
546,Sai Praveen Reddy Allam,https://storage.googleapis.com/kaggle-avatars/thumbnails/13202186-gr.jpg,novice,0.64399,5,2h
547,Rivuprovo De,https://storage.googleapis.com/kaggle-avatars/thumbnails/default-thumb.png,contributor,0.64499,9,1d
548,Androval,https://storage.googleapis.com/kaggle-avatars/thumbnails/default-thumb.png,contributor,0.645,3,5d
549,Pankaj Tiwari,https://storage.googleapis.com/kaggle-avatars/thumbnails/11071088-kg.jpg?t=2023-10-29-14-29-48,contributor,0.64528,3,6d
550,iko070,https://storage.googleapis.com/kaggle-avatars/thumbnails/3245987-kg.jpg,contributor,0.6453,1,1d
551,Naoya,https://storage.googleapis.com/kaggle-avatars/thumbnails/2436371-kg.jpg?t=2023-10-08-09-25-46,expert,0.64551,2,1h
552,Zonwie,https://storage.googleapis.com/kaggle-avatars/thumbnails/9977553-kg.jpg,contributor,0.6464,7,20h
553,Soumanou Karimou,https://storage.googleapis.com/kaggle-avatars/thumbnails/default-thumb.png,novice,0.64699,1,3h
554,Jacob Morsch,https://storage.googleapis.com/kaggle-avatars/thumbnails/default-thumb.png,novice,0.64853,2,5d
555,THANAPAT SRIPET,https://storage.googleapis.com/kaggle-avatars/thumbnails/14759047-kg.jpg?t=2023-10-17-08-01-43,novice,0.64868,1,7d
556,Steve Simons,https://storage.googleapis.com/kaggle-avatars/thumbnails/default-thumb.png,contributor,0.64908,1,2d
557,Swain Wang,https://storage.googleapis.com/kaggle-avatars/thumbnails/default-thumb.png,novice,0.64963,1,6d
558,Rafael Magnusson,https://storage.googleapis.com/kaggle-avatars/thumbnails/default-thumb.png,contributor,0.6499,4,5d
559,interests,https://storage.googleapis.com/kaggle-avatars/thumbnails/default-thumb.png,contributor,0.65009,3,2d
560,wngus_,https://storage.googleapis.com/kaggle-avatars/thumbnails/10614289-kg.jpeg,expert,0.65057,9,1d
561,cleanupDev,https://storage.googleapis.com/kaggle-avatars/thumbnails/14451853-gr.jpg,novice,0.65057,5,4d
562,Zachary Hunter Pate,https://storage.googleapis.com/kaggle-avatars/thumbnails/default-thumb.png,novice,0.65172,1,7d
563,FatManJuozas,https://storage.googleapis.com/kaggle-avatars/thumbnails/default-thumb.png,contributor,0.652,3,2d
564,TerenceFu,https://storage.googleapis.com/kaggle-avatars/thumbnails/12480687-kg.JPG,contributor,0.652,1,4d
565,Paweł Wacławik,https://storage.googleapis.com/kaggle-avatars/thumbnails/default-thumb.png,novice,0.65214,6,1d
566,sardinetrawler,https://storage.googleapis.com/kaggle-avatars/thumbnails/5810392-kg.png,contributor,0.65275,9,14h
567,Ethem Emir Büyükerken,https://storage.googleapis.com/kaggle-avatars/thumbnails/6481735-kg.png?t=2023-11-02-21-17-06,contributor,0.65285,3,6d
568,Mihir Shah,https://storage.googleapis.com/kaggle-avatars/thumbnails/default-thumb.png,novice,0.65299,2,2d
569,Neonemaj,https://storage.googleapis.com/kaggle-avatars/thumbnails/default-thumb.png,novice,0.65344,2,2d
570,Clara,https://storage.googleapis.com/kaggle-avatars/thumbnails/3074841-kg.png,contributor,0.65354,5,19h
571,Alexey Kudelckin,https://storage.googleapis.com/kaggle-avatars/thumbnails/11865140-kg.jpg,contributor,0.65403,1,4d
572,TAGonzalez,https://storage.googleapis.com/kaggle-avatars/thumbnails/17475007-gr.jpg,novice,0.65445,1,10h
573,PiKaaa,https://storage.googleapis.com/kaggle-avatars/thumbnails/12724858-kg.jpg?t=2023-11-16-11-43-12,contributor,0.65485,3,5d
574,Ayushman Raghuvanshi,https://storage.googleapis.com/kaggle-avatars/thumbnails/default-thumb.png,contributor,0.65499,1,1h
575,Henrik Horpedal,https://storage.googleapis.com/kaggle-avatars/thumbnails/16913677-kg.png?t=2023-09-28-17-23-04,novice,0.65505,1,6d
576,Ali Can Payaslı,https://storage.googleapis.com/kaggle-avatars/thumbnails/6910373-kg.jpg?t=2023-10-30-06-24-56,expert,0.65544,6,1h
577,Tensor Boy,https://storage.googleapis.com/kaggle-avatars/thumbnails/14547994-kg.jpg,expert,0.65573,1,1d
578,CarTerran,https://storage.googleapis.com/kaggle-avatars/thumbnails/default-thumb.png,novice,0.65596,3,6d
579,kenzou,https://storage.googleapis.com/kaggle-avatars/thumbnails/default-thumb.png,novice,0.6563,1,6d
580,AntonyanKosterko,https://storage.googleapis.com/kaggle-avatars/thumbnails/default-thumb.png,contributor,0.65638,1,21h
581,01,https://storage.googleapis.com/kaggle-avatars/thumbnails/default-thumb.png,novice,0.65654,3,7d
582,Shivam,https://storage.googleapis.com/kaggle-avatars/thumbnails/default-thumb.png,contributor,0.65715,6,1h
583,Yishai_C,https://storage.googleapis.com/kaggle-avatars/thumbnails/default-thumb.png,novice,0.65822,2,2d
584,Anopsy,https://storage.googleapis.com/kaggle-avatars/thumbnails/11834907-kg.jpg?t=2023-11-06-17-04-37,contributor,0.65871,1,4d
585,Nick Velychko,https://storage.googleapis.com/kaggle-avatars/thumbnails/4024560-kg.png?t=2023-08-25-12-25-44,contributor,0.6589,8,14h
586,Toyeeb Adekunle Abd'Azeez,https://storage.googleapis.com/kaggle-avatars/thumbnails/default-thumb.png,novice,0.659,1,2d
587,Nancy,https://storage.googleapis.com/kaggle-avatars/thumbnails/4377000-kg.jpg,expert,0.65976,2,6d
588,Simplynadya,https://storage.googleapis.com/kaggle-avatars/thumbnails/default-thumb.png,novice,0.65991,1,1d
589,Aucorre,https://storage.googleapis.com/kaggle-avatars/thumbnails/default-thumb.png,novice,0.65999,5,1d
590,Mahendra,https://storage.googleapis.com/kaggle-avatars/thumbnails/default-thumb.png,contributor,0.6608,1,5d
591,Avishek Saha,https://storage.googleapis.com/kaggle-avatars/thumbnails/6881935-kg.jpg,contributor,0.66084,2,2d
592,nikubanare,https://storage.googleapis.com/kaggle-avatars/thumbnails/default-thumb.png,novice,0.66123,1,6d
593,Jasmeen Dahak,https://storage.googleapis.com/kaggle-avatars/thumbnails/default-thumb.png,contributor,0.66144,8,6d
594,vishal rakesh jaiswal,https://storage.googleapis.com/kaggle-avatars/thumbnails/default-thumb.png,novice,0.66193,5,13h
595,Wadahack,https://storage.googleapis.com/kaggle-avatars/thumbnails/11061313-gr.jpg,novice,0.66285,3,7d
596,Jaeuk Han,https://storage.googleapis.com/kaggle-avatars/thumbnails/default-thumb.png,novice,0.66449,4,1d
597,Gadget,https://storage.googleapis.com/kaggle-avatars/thumbnails/default-thumb.png,contributor,0.66452,3,6d
598,Saqib Tech,https://storage.googleapis.com/kaggle-avatars/thumbnails/default-thumb.png,novice,0.66461,2,5d
599,dvdcar,https://storage.googleapis.com/kaggle-avatars/thumbnails/default-thumb.png,novice,0.665,3,1d
600,Team Rebooters,https://storage.googleapis.com/kaggle-avatars/thumbnails/5314032-kg.jpg,expert,0.66569,2,7h
601,SRDdev,https://storage.googleapis.com/kaggle-avatars/thumbnails/11333569-kg.jpg?t=2023-09-20-09-42-40,expert,0.66711,2,2d
602,Keyi Li,https://storage.googleapis.com/kaggle-avatars/thumbnails/default-thumb.png,novice,0.66724,5,7d
603,Ishwarya Jeyakumar,https://storage.googleapis.com/kaggle-avatars/thumbnails/default-thumb.png,novice,0.6675,7,4d
604,likeyiyi,https://storage.googleapis.com/kaggle-avatars/thumbnails/default-thumb.png,novice,0.66875,3,7d
605,Abishek,https://storage.googleapis.com/kaggle-avatars/thumbnails/default-thumb.png,novice,0.66891,2,8h
606,arjunreddyp,https://storage.googleapis.com/kaggle-avatars/thumbnails/default-thumb.png,contributor,0.66899,1,8d
607,The Data Dream,https://storage.googleapis.com/kaggle-avatars/thumbnails/7934753-kg.jpeg,contributor,0.669,6,8h
608,MOHAN,https://storage.googleapis.com/kaggle-avatars/thumbnails/default-thumb.png,novice,0.6695,3,4d
609,yscho,https://storage.googleapis.com/kaggle-avatars/thumbnails/4500939-kg.JPG?t=2023-10-28-11-52-41,expert,0.673,2,1d
610,Zomba,https://storage.googleapis.com/kaggle-avatars/thumbnails/default-thumb.png,novice,0.67314,5,4d
611,Joaquin Morillas,https://storage.googleapis.com/kaggle-avatars/thumbnails/default-thumb.png,novice,0.67367,2,20h
612,GARV PATIDAR,https://storage.googleapis.com/kaggle-avatars/thumbnails/9068388-kg.jpg,novice,0.67665,1,5d
613,AndreasN,https://storage.googleapis.com/kaggle-avatars/thumbnails/default-thumb.png,contributor,0.67807,1,4d
614,HRKumar,https://storage.googleapis.com/kaggle-avatars/thumbnails/1878490-kg.jpg,contributor,0.6801,1,2d
615,Benorli,https://storage.googleapis.com/kaggle-avatars/thumbnails/12259945-kg.jpg,contributor,0.68357,1,2d
616,Chas Keithan,https://storage.googleapis.com/kaggle-avatars/thumbnails/default-thumb.png,contributor,0.68358,4,10h
617,miyu.k1aras@gmail.com,https://storage.googleapis.com/kaggle-avatars/thumbnails/default-thumb.png,contributor,0.68422,3,9h
618,MathewShuvarikov,https://storage.googleapis.com/kaggle-avatars/thumbnails/default-thumb.png,contributor,0.68423,6,7d
619,Suriya J,https://storage.googleapis.com/kaggle-avatars/thumbnails/default-thumb.png,novice,0.68467,1,4d
620,smrutiranjan samal,https://storage.googleapis.com/kaggle-avatars/thumbnails/7478497-gr.jpg,contributor,0.68547,1,2d
621,youlemei,https://storage.googleapis.com/kaggle-avatars/thumbnails/default-thumb.png,novice,0.68659,1,18m
622,Nick,https://storage.googleapis.com/kaggle-avatars/thumbnails/default-thumb.png,contributor,0.68754,6,13h
623,SANDEEP BORA,https://storage.googleapis.com/kaggle-avatars/thumbnails/default-thumb.png,novice,0.68785,4,21h
624,kansk42,https://storage.googleapis.com/kaggle-avatars/thumbnails/default-thumb.png,contributor,0.688,1,2h
625,adithya giri,https://storage.googleapis.com/kaggle-avatars/thumbnails/default-thumb.png,novice,0.689,9,1d
626,Arata Ueda,https://storage.googleapis.com/kaggle-avatars/thumbnails/default-thumb.png,novice,0.69145,2,1d
627,kunal,https://storage.googleapis.com/kaggle-avatars/thumbnails/default-thumb.png,novice,0.69278,1,5d
628,yutosuzu,https://storage.googleapis.com/kaggle-avatars/thumbnails/default-thumb.png,novice,0.69902,1,7d
629,Edward Flores,https://storage.googleapis.com/kaggle-avatars/thumbnails/default-thumb.png,novice,0.6995,5,4d
630,GuRongQi999,https://storage.googleapis.com/kaggle-avatars/thumbnails/default-thumb.png,novice,0.69966,5,1d
631,Peter Denman,https://storage.googleapis.com/kaggle-avatars/thumbnails/17678160-kg.png?t=2023-11-10-04-45-56,novice,0.7,2,6d
632,Firdavs Elomonov,https://storage.googleapis.com/kaggle-avatars/thumbnails/default-thumb.png,contributor,0.7,2,4d
633,s20215018,https://storage.googleapis.com/kaggle-avatars/thumbnails/17590693-gr.jpg,novice,0.7,3,1d
634,Grace Tianqing Liu,https://storage.googleapis.com/kaggle-avatars/thumbnails/default-thumb.png,novice,0.7,1,1d
635,Saurabh Upadhyay,https://storage.googleapis.com/kaggle-avatars/thumbnails/13579851-kg.jpeg?t=2023-10-04-07-49-42,expert,0.702,3,4d
636,yunjian wang,https://storage.googleapis.com/kaggle-avatars/thumbnails/default-thumb.png,novice,0.70232,3,2d
637,Brian Shula,https://storage.googleapis.com/kaggle-avatars/thumbnails/default-thumb.png,contributor,0.70275,3,1d
638,Xavier BARBIER,https://storage.googleapis.com/kaggle-avatars/thumbnails/5260290-kg.jpg,novice,0.70554,4,1d
639,Janico Greifenberg,https://storage.googleapis.com/kaggle-avatars/thumbnails/10186443-kg.png,novice,0.70793,3,2d
640,SIDDHARTH KUMAR,https://storage.googleapis.com/kaggle-avatars/thumbnails/default-thumb.png,contributor,0.7108,1,6h
641,David Brown,https://storage.googleapis.com/kaggle-avatars/thumbnails/default-thumb.png,novice,0.71179,3,7d
642,Saparbai Kaznabekov,https://storage.googleapis.com/kaggle-avatars/thumbnails/default-thumb.png,contributor,0.71399,3,5d
643,Dominique Hummel,https://storage.googleapis.com/kaggle-avatars/thumbnails/17787195-gr.jpg,novice,0.71447,3,3h
644,nicapotato,https://storage.googleapis.com/kaggle-avatars/thumbnails/866788-kg.jpg,master,0.71809,2,5d
645,Yohan Schenck,https://storage.googleapis.com/kaggle-avatars/thumbnails/default-thumb.png,novice,0.723,3,1d
646,Tandaradie,https://storage.googleapis.com/kaggle-avatars/thumbnails/129092-gr.jpg,contributor,0.72324,3,1m
647,chasepd,https://storage.googleapis.com/kaggle-avatars/thumbnails/16195632-kg.jpg?t=2023-10-17-06-29-03,contributor,0.7239,4,1d
648,CareforData,https://storage.googleapis.com/kaggle-avatars/thumbnails/default-thumb.png,novice,0.73199,2,2d
649,Nico Barea,https://storage.googleapis.com/kaggle-avatars/thumbnails/default-thumb.png,contributor,0.73368,8,1d
650,OniTung,https://storage.googleapis.com/kaggle-avatars/thumbnails/default-thumb.png,novice,0.73419,2,6d
651,BruceWayne,https://storage.googleapis.com/kaggle-avatars/thumbnails/3381900-kg.jpg,novice,0.73504,1,6d
652,Shobhit Sharma,https://storage.googleapis.com/kaggle-avatars/thumbnails/default-thumb.png,novice,0.73649,1,6d
653,Tolulope Elijah,https://storage.googleapis.com/kaggle-avatars/thumbnails/default-thumb.png,contributor,0.73699,2,5d
654,RyoMuta,https://storage.googleapis.com/kaggle-avatars/thumbnails/16420070-kg.png?t=2023-09-12-15-00-30,novice,0.738,5,4d
655,ChangjaeIm,https://storage.googleapis.com/kaggle-avatars/thumbnails/default-thumb.png,novice,0.73866,10,4h
656,pzx,https://storage.googleapis.com/kaggle-avatars/thumbnails/6469200-kg.jpg?t=2023-10-03-04-06-07,expert,0.74003,2,7d
657,Eric Ho,https://storage.googleapis.com/kaggle-avatars/thumbnails/default-thumb.png,contributor,0.74288,1,5d
658,Jeongeum Son,https://storage.googleapis.com/kaggle-avatars/thumbnails/default-thumb.png,novice,0.7504,2,4h
659,datalicious,https://storage.googleapis.com/kaggle-avatars/thumbnails/4999926-kg.jpg,expert,0.757,1,2d
660,poornika bonam,https://storage.googleapis.com/kaggle-avatars/thumbnails/default-thumb.png,novice,0.7596,3,4d
661,Mohamed Ezz,https://storage.googleapis.com/kaggle-avatars/thumbnails/default-thumb.png,novice,0.76021,4,15h
662,Yugoff,https://storage.googleapis.com/kaggle-avatars/thumbnails/default-thumb.png,novice,0.76024,2,5d
663,Ksk Koushik,https://storage.googleapis.com/kaggle-avatars/thumbnails/default-thumb.png,novice,0.77099,1,21h
664,David Kogan,https://storage.googleapis.com/kaggle-avatars/thumbnails/default-thumb.png,novice,0.77574,1,1d
665,RsqM,https://storage.googleapis.com/kaggle-avatars/thumbnails/default-thumb.png,novice,0.78301,5,2d
666,Luis Talavera,https://storage.googleapis.com/kaggle-avatars/thumbnails/5369634-kg.jpg,contributor,0.78318,2,21h
667,vesel02,https://storage.googleapis.com/kaggle-avatars/thumbnails/default-thumb.png,novice,0.7855,7,1d
668,Leo,https://storage.googleapis.com/kaggle-avatars/thumbnails/1300565-kg.png,contributor,0.7978,2,15h
669,JunsuJeong,https://storage.googleapis.com/kaggle-avatars/thumbnails/default-thumb.png,novice,0.80374,11,5h
670,Tangsgo,https://storage.googleapis.com/kaggle-avatars/thumbnails/default-thumb.png,novice,0.81302,2,2d
671,Brackly,https://storage.googleapis.com/kaggle-avatars/thumbnails/9019379-kg.jpeg,contributor,0.81809,4,11h
672,Swayam Patil,https://storage.googleapis.com/kaggle-avatars/thumbnails/9472138-kg.png,expert,0.8288,3,2d
673,Utkarsh Singh,https://storage.googleapis.com/kaggle-avatars/thumbnails/13364933-kg.jpg,expert,0.83427,1,7d
674,Piplyang,https://storage.googleapis.com/kaggle-avatars/thumbnails/default-thumb.png,novice,0.84504,2,13h
675,Vitor Marx,https://storage.googleapis.com/kaggle-avatars/thumbnails/default-thumb.png,contributor,0.846,2,21h
676,Aju George Jacob,https://storage.googleapis.com/kaggle-avatars/thumbnails/5958529-gr.jpg,contributor,0.84721,1,7d
677,Kingki19 / Muhammad Rizqi,https://storage.googleapis.com/kaggle-avatars/thumbnails/13696939-kg.jpg?t=2023-10-06-14-20-16,contributor,0.8516,5,1d
678,Jay Rio,https://storage.googleapis.com/kaggle-avatars/thumbnails/7408597-kg.jpg?t=2023-10-14-07-30-26,novice,0.85199,2,2d
679,David sosa olea,https://storage.googleapis.com/kaggle-avatars/thumbnails/13410223-kg.png,contributor,0.85199,2,2d
680,Tracy Porter,https://storage.googleapis.com/kaggle-avatars/thumbnails/5286865-kg.jpg,expert,0.85253,7,1d
681,Richardful,https://storage.googleapis.com/kaggle-avatars/thumbnails/default-thumb.png,novice,0.86636,1,26m
682,Mutasov Dmitry,https://storage.googleapis.com/kaggle-avatars/thumbnails/11190531-kg.JPG?t=2023-09-11-10-18-31,novice,0.89826,1,7d
683,ayoub chnaida,https://storage.googleapis.com/kaggle-avatars/thumbnails/14395529-kg.jpg,expert,0.91743,1,1d
684,Roman Garayev,https://storage.googleapis.com/kaggle-avatars/thumbnails/3638527-kg.jpg,contributor,0.92348,1,7d
685,Suraj,https://storage.googleapis.com/kaggle-avatars/thumbnails/9201105-kg.jpg?t=2023-11-13-07-15-16,expert,0.92384,1,7d
686,Patrick Carlberg,https://storage.googleapis.com/kaggle-avatars/thumbnails/default-thumb.png,novice,0.93433,5,2d
687,Anand Tyagi,https://storage.googleapis.com/kaggle-avatars/thumbnails/6290454-gr.jpg,contributor,0.94894,2,2d
688,Mistborn,https://storage.googleapis.com/kaggle-avatars/thumbnails/default-thumb.png,contributor,0.95833,2,2d
689,GoshaK,https://storage.googleapis.com/kaggle-avatars/thumbnails/default-thumb.png,contributor,0.96021,1,4d
691,Muhammad yuda Maulana,https://storage.googleapis.com/kaggle-avatars/thumbnails/default-thumb.png,novice,0.98798,1,1d
692,KohliJorawar,https://storage.googleapis.com/kaggle-avatars/thumbnails/default-thumb.png,contributor,0.98798,2,1d
693,Gloozd,https://storage.googleapis.com/kaggle-avatars/thumbnails/default-thumb.png,contributor,0.9885,2,6d
694,Ben Bernard,https://storage.googleapis.com/kaggle-avatars/thumbnails/17384531-kg.jpg?t=2023-10-24-08-11-54,contributor,0.9885,2,4h
695,KunwarSingh11,https://storage.googleapis.com/kaggle-avatars/thumbnails/default-thumb.png,novice,0.9885,1,4d
696,kdolgonosov,https://storage.googleapis.com/kaggle-avatars/thumbnails/default-thumb.png,novice,0.9885,1,2d
697,PACESETTER55,https://storage.googleapis.com/kaggle-avatars/thumbnails/default-thumb.png,contributor,0.9885,2,19h
698,Amri11,https://storage.googleapis.com/kaggle-avatars/thumbnails/default-thumb.png,novice,0.9885,1,6d
699,Mahendra Panwar,https://storage.googleapis.com/kaggle-avatars/thumbnails/675480-gp.jpg,novice,0.989,1,2d
700,naga,https://storage.googleapis.com/kaggle-avatars/thumbnails/default-thumb.png,novice,0.99,1,2d
701,Jing,https://storage.googleapis.com/kaggle-avatars/thumbnails/default-thumb.png,novice,0.99027,1,7d
702,Amy Gottlieb,https://storage.googleapis.com/kaggle-avatars/thumbnails/default-thumb.png,novice,0.99028,1,5d
703,Karan S,https://storage.googleapis.com/kaggle-avatars/thumbnails/default-thumb.png,contributor,0.99099,5,2d
704,SATYAM SINGH,https://storage.googleapis.com/kaggle-avatars/thumbnails/13331810-kg.png?t=2023-11-01-18-44-46,contributor,0.99264,5,6d
705,乌鸦祭酒,https://storage.googleapis.com/kaggle-avatars/thumbnails/14520138-kg.jpg,novice,0.99345,1,4d
706,jazzz chen,https://storage.googleapis.com/kaggle-avatars/thumbnails/15642104-gr.jpg,novice,0.99456,2,12h
707,Akhil_donthula,https://storage.googleapis.com/kaggle-avatars/thumbnails/default-thumb.png,novice,0.99874,1,6d
708,AvtandylRudenko,https://storage.googleapis.com/kaggle-avatars/thumbnails/default-thumb.png,contributor,1.0,1,7d
709,Mostafa Eid,https://storage.googleapis.com/kaggle-avatars/thumbnails/7225499-kg.jpg?t=2023-11-09-23-32-15,contributor,1.0,2,5d
710,Pranav Agrawal,https://storage.googleapis.com/kaggle-avatars/thumbnails/default-thumb.png,contributor,1.0,1,2d
711,Serhat Kazanci,https://storage.googleapis.com/kaggle-avatars/thumbnails/default-thumb.png,novice,1.0,4,4h
712,Johann Hibschman,https://storage.googleapis.com/kaggle-avatars/thumbnails/61051-gr.jpg,contributor,1.00241,1,2d
713,akhil,https://storage.googleapis.com/kaggle-avatars/thumbnails/default-thumb.png,contributor,1.00531,3,20h
714,Bishnutosh,https://storage.googleapis.com/kaggle-avatars/thumbnails/default-thumb.png,novice,1.00718,1,10h
715,Vishnu Gitta,https://storage.googleapis.com/kaggle-avatars/thumbnails/default-thumb.png,novice,1.01071,1,1d
716,Ramakrishnan T,https://storage.googleapis.com/kaggle-avatars/thumbnails/default-thumb.png,contributor,1.01106,1,1d
717,Gurazeez Singh Battu,https://storage.googleapis.com/kaggle-avatars/thumbnails/default-thumb.png,novice,1.01241,2,2d
718,Jacob Dilonardo,https://storage.googleapis.com/kaggle-avatars/thumbnails/default-thumb.png,novice,1.01335,1,15h
719,Nets4Dayz,https://storage.googleapis.com/kaggle-avatars/thumbnails/default-thumb.png,novice,1.0381,17,9h
720,Bhavesh@tf,https://storage.googleapis.com/kaggle-avatars/thumbnails/default-thumb.png,novice,1.05085,1,2d
721,Vivek Agrawal,https://storage.googleapis.com/kaggle-avatars/thumbnails/10843390-kg.png,contributor,1.05209,1,7d
722,Shiki Rye,https://storage.googleapis.com/kaggle-avatars/thumbnails/default-thumb.png,novice,1.05518,1,2d
723,Krishna Sharma,https://storage.googleapis.com/kaggle-avatars/thumbnails/default-thumb.png,novice,1.07591,4,9h
724,Chaconne,https://storage.googleapis.com/kaggle-avatars/thumbnails/11472387-kg.jpg,contributor,1.07635,1,7d
725,YeyeLeaf,https://storage.googleapis.com/kaggle-avatars/thumbnails/default-thumb.png,novice,1.15624,4,2d
726,inversion,https://storage.googleapis.com/kaggle-avatars/thumbnails/59561-kg.jpg,grand master,1.353,1,3d
727,IlyassSaadi,https://storage.googleapis.com/kaggle-avatars/thumbnails/default-thumb.png,novice,1.353,1,1d
728,prash4nt,https://storage.googleapis.com/kaggle-avatars/thumbnails/9531654-kg.jpg?t=2023-08-26-10-41-33,contributor,1.353,1,1d
729,Jean Machado,https://storage.googleapis.com/kaggle-avatars/thumbnails/default-thumb.png,novice,1.36619,1,4d
730,Bruce Wayne,https://storage.googleapis.com/kaggle-avatars/thumbnails/1860833-kg.jpg?t=2023-09-14-22-09-39,contributor,1.55068,1,6d
731,Umar Zafar,https://storage.googleapis.com/kaggle-avatars/thumbnails/4526506-kg.JPG?t=2023-09-30-10-25-26,contributor,1.58923,1,16h
732,Fatma Nur ÇETİNTÜRK,https://storage.googleapis.com/kaggle-avatars/thumbnails/default-thumb.png,novice,1.59267,14,2d
733,JayeshBhadane,https://storage.googleapis.com/kaggle-avatars/thumbnails/default-thumb.png,novice,1.61618,1,2d
735,Raaggee Singh,https://storage.googleapis.com/kaggle-avatars/thumbnails/default-thumb.png,contributor,1.81069,1,5d
736,zaid_shami,https://storage.googleapis.com/kaggle-avatars/thumbnails/17197770-kg.jpg?t=2023-11-12-01-56-44,contributor,1.85313,1,4d
737,Egambergan Atamuratov,https://storage.googleapis.com/kaggle-avatars/thumbnails/default-thumb.png,contributor,1.92754,1,4d
738,Alessia,https://storage.googleapis.com/kaggle-avatars/thumbnails/8628282-gr.jpg,contributor,2.08861,1,1d
739,vishnu priya,https://storage.googleapis.com/kaggle-avatars/thumbnails/default-thumb.png,novice,2.10133,2,4d
740,gabbit,https://storage.googleapis.com/kaggle-avatars/thumbnails/default-thumb.png,novice,2.13901,5,2d
741,leo.grandmorcel,https://storage.googleapis.com/kaggle-avatars/thumbnails/default-thumb.png,novice,2.82525,1,18h
742,shuhetakahashi,https://storage.googleapis.com/kaggle-avatars/thumbnails/default-thumb.png,novice,2.8883,1,2d
743,Himanshud143,https://storage.googleapis.com/kaggle-avatars/thumbnails/default-thumb.png,novice,2.91472,1,1d
744,Gagandeep Singh,https://storage.googleapis.com/kaggle-avatars/thumbnails/7228085-kg.png?t=2023-11-20-21-02-59,novice,3.1765,1,17h
745,Alexdruso,https://storage.googleapis.com/kaggle-avatars/thumbnails/4012019-kg.jpg,contributor,3.5,1,6d
746,Team +1,https://storage.googleapis.com/kaggle-avatars/thumbnails/14435659-kg.png,novice,3.8,1,4d
747,Vincent Bris.,https://storage.googleapis.com/kaggle-avatars/thumbnails/3773155-kg.jpg,contributor,4.91478,6,20h
748,Berkay Sag,https://storage.googleapis.com/kaggle-avatars/thumbnails/11783750-kg.png,contributor,5.02485,1,7d
